duration_ms,duration_ns,program_name,instrumentation,analysis_name,run,error
2,2401820,boa,uninstrumented,uninstrumented,0,
2,2399890,boa,uninstrumented,uninstrumented,1,
2,2374188,boa,uninstrumented,uninstrumented,2,
2,2364274,boa,uninstrumented,uninstrumented,3,
2,2386965,boa,uninstrumented,uninstrumented,4,
2,2372198,boa,uninstrumented,uninstrumented,5,
2,2368340,boa,uninstrumented,uninstrumented,6,
2,2358480,boa,uninstrumented,uninstrumented,7,
2,2388150,boa,uninstrumented,uninstrumented,8,
2,2364988,boa,uninstrumented,uninstrumented,9,
2,2374743,boa,uninstrumented,uninstrumented,10,
2,2377952,boa,uninstrumented,uninstrumented,11,
2,2377003,boa,uninstrumented,uninstrumented,12,
2,2352304,boa,uninstrumented,uninstrumented,13,
2,2383076,boa,uninstrumented,uninstrumented,14,
2,2413866,boa,uninstrumented,uninstrumented,15,
2,2380251,boa,uninstrumented,uninstrumented,16,
2,2397648,boa,uninstrumented,uninstrumented,17,
2,2372078,boa,uninstrumented,uninstrumented,18,
2,2372860,boa,uninstrumented,uninstrumented,19,
2,2372903,boa,uninstrumented,uninstrumented,20,
2,2372110,boa,uninstrumented,uninstrumented,21,
2,2390973,boa,uninstrumented,uninstrumented,22,
2,2381333,boa,uninstrumented,uninstrumented,23,
2,2372089,boa,uninstrumented,uninstrumented,24,
2,2365191,boa,uninstrumented,uninstrumented,25,
2,2373919,boa,uninstrumented,uninstrumented,26,
2,2368575,boa,uninstrumented,uninstrumented,27,
2,2392220,boa,uninstrumented,uninstrumented,28,
2,2380729,boa,uninstrumented,uninstrumented,29,
302,302570042,boa,baseline,forward,0,
301,301743819,boa,baseline,forward,1,
302,302071502,boa,baseline,forward,2,
301,301391906,boa,baseline,forward,3,
301,301218545,boa,baseline,forward,4,
301,301898601,boa,baseline,forward,5,
302,302484403,boa,baseline,forward,6,
301,301256599,boa,baseline,forward,7,
301,301985151,boa,baseline,forward,8,
301,301830867,boa,baseline,forward,9,
302,302381110,boa,baseline,forward,10,
302,302426528,boa,baseline,forward,11,
301,301867873,boa,baseline,forward,12,
301,301204593,boa,baseline,forward,13,
545,545041958,boa,baseline,forward,14,
302,302083144,boa,baseline,forward,15,
301,301985377,boa,baseline,forward,16,
302,302140044,boa,baseline,forward,17,
301,301120228,boa,baseline,forward,18,
302,302659971,boa,baseline,forward,19,
301,301467349,boa,baseline,forward,20,
302,302430048,boa,baseline,forward,21,
302,302717770,boa,baseline,forward,22,
301,301750279,boa,baseline,forward,23,
302,302014007,boa,baseline,forward,24,
302,302720068,boa,baseline,forward,25,
302,302435388,boa,baseline,forward,26,
302,302609180,boa,baseline,forward,27,
302,302694015,boa,baseline,forward,28,
302,302023253,boa,baseline,forward,29,
27,27958331,boa,baseline,generic-apply,0,
27,27794026,boa,baseline,generic-apply,1,
27,27979346,boa,baseline,generic-apply,2,
27,27705790,boa,baseline,generic-apply,3,
27,27722952,boa,baseline,generic-apply,4,
28,28214088,boa,baseline,generic-apply,5,
27,27823584,boa,baseline,generic-apply,6,
27,27915470,boa,baseline,generic-apply,7,
28,28207956,boa,baseline,generic-apply,8,
27,27883228,boa,baseline,generic-apply,9,
28,28623801,boa,baseline,generic-apply,10,
31,31319532,boa,baseline,generic-apply,11,
27,27940399,boa,baseline,generic-apply,12,
27,27985535,boa,baseline,generic-apply,13,
27,27780684,boa,baseline,generic-apply,14,
27,27713792,boa,baseline,generic-apply,15,
27,27870250,boa,baseline,generic-apply,16,
27,27846210,boa,baseline,generic-apply,17,
27,27980663,boa,baseline,generic-apply,18,
27,27852650,boa,baseline,generic-apply,19,
27,27989195,boa,baseline,generic-apply,20,
28,28128759,boa,baseline,generic-apply,21,
27,27996605,boa,baseline,generic-apply,22,
28,28070490,boa,baseline,generic-apply,23,
27,27952789,boa,baseline,generic-apply,24,
27,27766104,boa,baseline,generic-apply,25,
27,27814148,boa,baseline,generic-apply,26,
27,27896363,boa,baseline,generic-apply,27,
27,27868551,boa,baseline,generic-apply,28,
27,27875771,boa,baseline,generic-apply,29,
21,21468977,bullet,uninstrumented,uninstrumented,0,
21,21377796,bullet,uninstrumented,uninstrumented,1,
21,21464902,bullet,uninstrumented,uninstrumented,2,
21,21280207,bullet,uninstrumented,uninstrumented,3,
21,21477111,bullet,uninstrumented,uninstrumented,4,
21,21324747,bullet,uninstrumented,uninstrumented,5,
30,30049860,bullet,uninstrumented,uninstrumented,6,
21,21395414,bullet,uninstrumented,uninstrumented,7,
21,21420051,bullet,uninstrumented,uninstrumented,8,
21,21330956,bullet,uninstrumented,uninstrumented,9,
21,21338017,bullet,uninstrumented,uninstrumented,10,
21,21277284,bullet,uninstrumented,uninstrumented,11,
21,21373769,bullet,uninstrumented,uninstrumented,12,
21,21235892,bullet,uninstrumented,uninstrumented,13,
21,21295061,bullet,uninstrumented,uninstrumented,14,
21,21290798,bullet,uninstrumented,uninstrumented,15,
21,21302150,bullet,uninstrumented,uninstrumented,16,
21,21325263,bullet,uninstrumented,uninstrumented,17,
21,21287541,bullet,uninstrumented,uninstrumented,18,
21,21236437,bullet,uninstrumented,uninstrumented,19,
21,21306709,bullet,uninstrumented,uninstrumented,20,
21,21205798,bullet,uninstrumented,uninstrumented,21,
21,21487443,bullet,uninstrumented,uninstrumented,22,
21,21376877,bullet,uninstrumented,uninstrumented,23,
21,21488968,bullet,uninstrumented,uninstrumented,24,
21,21454424,bullet,uninstrumented,uninstrumented,25,
21,21416135,bullet,uninstrumented,uninstrumented,26,
21,21419395,bullet,uninstrumented,uninstrumented,27,
21,21372774,bullet,uninstrumented,uninstrumented,28,
23,23365760,bullet,uninstrumented,uninstrumented,29,
3225,3225638522,bullet,baseline,forward,0,
3223,3223701135,bullet,baseline,forward,1,
3231,3231735090,bullet,baseline,forward,2,
3233,3233827358,bullet,baseline,forward,3,
3222,3222228032,bullet,baseline,forward,4,
3229,3229308850,bullet,baseline,forward,5,
3227,3227231530,bullet,baseline,forward,6,
3223,3223676321,bullet,baseline,forward,7,
3238,3238585617,bullet,baseline,forward,8,
3231,3231854532,bullet,baseline,forward,9,
3220,3220819933,bullet,baseline,forward,10,
3219,3219863465,bullet,baseline,forward,11,
3221,3221649826,bullet,baseline,forward,12,
3220,3220977581,bullet,baseline,forward,13,
3259,3259284575,bullet,baseline,forward,14,
3222,3222159932,bullet,baseline,forward,15,
3219,3219916043,bullet,baseline,forward,16,
3221,3221519196,bullet,baseline,forward,17,
3220,3220083592,bullet,baseline,forward,18,
3219,3219320145,bullet,baseline,forward,19,
3220,3220974763,bullet,baseline,forward,20,
3222,3222223213,bullet,baseline,forward,21,
3222,3222079251,bullet,baseline,forward,22,
3219,3219547847,bullet,baseline,forward,23,
3220,3220655566,bullet,baseline,forward,24,
3220,3220379573,bullet,baseline,forward,25,
3220,3220528055,bullet,baseline,forward,26,
3221,3221297084,bullet,baseline,forward,27,
3221,3221177646,bullet,baseline,forward,28,
3272,3272284320,bullet,baseline,forward,29,
161,161874853,bullet,baseline,generic-apply,0,
162,162302366,bullet,baseline,generic-apply,1,
162,162379363,bullet,baseline,generic-apply,2,
162,162419410,bullet,baseline,generic-apply,3,
162,162275007,bullet,baseline,generic-apply,4,
162,162269119,bullet,baseline,generic-apply,5,
162,162440421,bullet,baseline,generic-apply,6,
162,162756557,bullet,baseline,generic-apply,7,
162,162365313,bullet,baseline,generic-apply,8,
162,162406144,bullet,baseline,generic-apply,9,
162,162213719,bullet,baseline,generic-apply,10,
161,161941545,bullet,baseline,generic-apply,11,
162,162470737,bullet,baseline,generic-apply,12,
166,166371256,bullet,baseline,generic-apply,13,
161,161958641,bullet,baseline,generic-apply,14,
162,162270506,bullet,baseline,generic-apply,15,
172,172932232,bullet,baseline,generic-apply,16,
162,162393674,bullet,baseline,generic-apply,17,
162,162229413,bullet,baseline,generic-apply,18,
161,161915450,bullet,baseline,generic-apply,19,
161,161995898,bullet,baseline,generic-apply,20,
162,162211994,bullet,baseline,generic-apply,21,
162,162026956,bullet,baseline,generic-apply,22,
161,161893673,bullet,baseline,generic-apply,23,
162,162055332,bullet,baseline,generic-apply,24,
162,162674081,bullet,baseline,generic-apply,25,
162,162544737,bullet,baseline,generic-apply,26,
162,162733878,bullet,baseline,generic-apply,27,
162,162503770,bullet,baseline,generic-apply,28,
161,161987263,bullet,baseline,generic-apply,29,
523,523515178,commanderkeen,uninstrumented,uninstrumented,0,
531,531260033,commanderkeen,uninstrumented,uninstrumented,1,
527,527216922,commanderkeen,uninstrumented,uninstrumented,2,
527,527213780,commanderkeen,uninstrumented,uninstrumented,3,
515,515228378,commanderkeen,uninstrumented,uninstrumented,4,
514,514902110,commanderkeen,uninstrumented,uninstrumented,5,
519,519174043,commanderkeen,uninstrumented,uninstrumented,6,
512,512309983,commanderkeen,uninstrumented,uninstrumented,7,
511,511711973,commanderkeen,uninstrumented,uninstrumented,8,
512,512229823,commanderkeen,uninstrumented,uninstrumented,9,
516,516963281,commanderkeen,uninstrumented,uninstrumented,10,
533,533241397,commanderkeen,uninstrumented,uninstrumented,11,
514,514483286,commanderkeen,uninstrumented,uninstrumented,12,
511,511061170,commanderkeen,uninstrumented,uninstrumented,13,
511,511028133,commanderkeen,uninstrumented,uninstrumented,14,
504,504715908,commanderkeen,uninstrumented,uninstrumented,15,
510,510764177,commanderkeen,uninstrumented,uninstrumented,16,
510,510523789,commanderkeen,uninstrumented,uninstrumented,17,
498,498302185,commanderkeen,uninstrumented,uninstrumented,18,
528,528836950,commanderkeen,uninstrumented,uninstrumented,19,
516,516813063,commanderkeen,uninstrumented,uninstrumented,20,
521,521903732,commanderkeen,uninstrumented,uninstrumented,21,
520,520642346,commanderkeen,uninstrumented,uninstrumented,22,
538,538388898,commanderkeen,uninstrumented,uninstrumented,23,
516,516986433,commanderkeen,uninstrumented,uninstrumented,24,
527,527123442,commanderkeen,uninstrumented,uninstrumented,25,
518,518393710,commanderkeen,uninstrumented,uninstrumented,26,
521,521263996,commanderkeen,uninstrumented,uninstrumented,27,
516,516752538,commanderkeen,uninstrumented,uninstrumented,28,
523,523932763,commanderkeen,uninstrumented,uninstrumented,29,
48897,48897878431,commanderkeen,baseline,forward,0,
49073,49073496095,commanderkeen,baseline,forward,1,
49062,49062493013,commanderkeen,baseline,forward,2,
48829,48829501899,commanderkeen,baseline,forward,3,
49002,49002206958,commanderkeen,baseline,forward,4,
49010,49010759855,commanderkeen,baseline,forward,5,
48821,48821122089,commanderkeen,baseline,forward,6,
48820,48820037787,commanderkeen,baseline,forward,7,
48828,48828578236,commanderkeen,baseline,forward,8,
48904,48904053689,commanderkeen,baseline,forward,9,
48942,48942667736,commanderkeen,baseline,forward,10,
48865,48865310201,commanderkeen,baseline,forward,11,
48926,48926877581,commanderkeen,baseline,forward,12,
48924,48924205949,commanderkeen,baseline,forward,13,
48908,48908053955,commanderkeen,baseline,forward,14,
48875,48875366444,commanderkeen,baseline,forward,15,
48836,48836672603,commanderkeen,baseline,forward,16,
48879,48879561556,commanderkeen,baseline,forward,17,
48963,48963007004,commanderkeen,baseline,forward,18,
49071,49071513255,commanderkeen,baseline,forward,19,
48961,48961716629,commanderkeen,baseline,forward,20,
48905,48905071972,commanderkeen,baseline,forward,21,
48874,48874923831,commanderkeen,baseline,forward,22,
48936,48936565902,commanderkeen,baseline,forward,23,
48912,48912042078,commanderkeen,baseline,forward,24,
48840,48840200987,commanderkeen,baseline,forward,25,
49051,49051537080,commanderkeen,baseline,forward,26,
48884,48884725225,commanderkeen,baseline,forward,27,
48994,48994975923,commanderkeen,baseline,forward,28,
48922,48922398059,commanderkeen,baseline,forward,29,
1107,1107230029,commanderkeen,baseline,generic-apply,0,
1110,1110960706,commanderkeen,baseline,generic-apply,1,
1115,1115862864,commanderkeen,baseline,generic-apply,2,
1111,1111781726,commanderkeen,baseline,generic-apply,3,
1127,1127326560,commanderkeen,baseline,generic-apply,4,
1131,1131653932,commanderkeen,baseline,generic-apply,5,
1098,1098484881,commanderkeen,baseline,generic-apply,6,
1102,1102882875,commanderkeen,baseline,generic-apply,7,
1101,1101259186,commanderkeen,baseline,generic-apply,8,
1103,1103447502,commanderkeen,baseline,generic-apply,9,
1099,1099079684,commanderkeen,baseline,generic-apply,10,
1108,1108730125,commanderkeen,baseline,generic-apply,11,
1102,1102920301,commanderkeen,baseline,generic-apply,12,
1097,1097628443,commanderkeen,baseline,generic-apply,13,
1092,1092393080,commanderkeen,baseline,generic-apply,14,
1104,1104965885,commanderkeen,baseline,generic-apply,15,
1102,1102144913,commanderkeen,baseline,generic-apply,16,
1111,1111700498,commanderkeen,baseline,generic-apply,17,
1108,1108595654,commanderkeen,baseline,generic-apply,18,
1109,1109822523,commanderkeen,baseline,generic-apply,19,
1115,1115184870,commanderkeen,baseline,generic-apply,20,
1105,1105498696,commanderkeen,baseline,generic-apply,21,
1104,1104803586,commanderkeen,baseline,generic-apply,22,
1111,1111191566,commanderkeen,baseline,generic-apply,23,
1149,1149826304,commanderkeen,baseline,generic-apply,24,
1108,1108012860,commanderkeen,baseline,generic-apply,25,
1117,1117702202,commanderkeen,baseline,generic-apply,26,
1110,1110017324,commanderkeen,baseline,generic-apply,27,
1112,1112730524,commanderkeen,baseline,generic-apply,28,
1177,1177852274,commanderkeen,baseline,generic-apply,29,
0,11761,factorial,uninstrumented,uninstrumented,0,
0,11296,factorial,uninstrumented,uninstrumented,1,
0,11119,factorial,uninstrumented,uninstrumented,2,
0,11174,factorial,uninstrumented,uninstrumented,3,
0,11585,factorial,uninstrumented,uninstrumented,4,
0,10918,factorial,uninstrumented,uninstrumented,5,
0,11347,factorial,uninstrumented,uninstrumented,6,
0,11172,factorial,uninstrumented,uninstrumented,7,
0,11361,factorial,uninstrumented,uninstrumented,8,
0,11563,factorial,uninstrumented,uninstrumented,9,
0,11316,factorial,uninstrumented,uninstrumented,10,
0,11599,factorial,uninstrumented,uninstrumented,11,
0,11744,factorial,uninstrumented,uninstrumented,12,
0,11746,factorial,uninstrumented,uninstrumented,13,
0,14903,factorial,uninstrumented,uninstrumented,14,
0,11235,factorial,uninstrumented,uninstrumented,15,
0,11252,factorial,uninstrumented,uninstrumented,16,
0,10929,factorial,uninstrumented,uninstrumented,17,
0,11059,factorial,uninstrumented,uninstrumented,18,
0,11256,factorial,uninstrumented,uninstrumented,19,
0,11616,factorial,uninstrumented,uninstrumented,20,
0,10651,factorial,uninstrumented,uninstrumented,21,
0,11221,factorial,uninstrumented,uninstrumented,22,
0,11175,factorial,uninstrumented,uninstrumented,23,
0,11351,factorial,uninstrumented,uninstrumented,24,
0,10806,factorial,uninstrumented,uninstrumented,25,
0,11188,factorial,uninstrumented,uninstrumented,26,
0,11279,factorial,uninstrumented,uninstrumented,27,
0,10661,factorial,uninstrumented,uninstrumented,28,
0,11291,factorial,uninstrumented,uninstrumented,29,
0,61169,factorial,baseline,forward,0,
0,56183,factorial,baseline,forward,1,
0,55269,factorial,baseline,forward,2,
0,54739,factorial,baseline,forward,3,
0,58739,factorial,baseline,forward,4,
0,55956,factorial,baseline,forward,5,
0,55079,factorial,baseline,forward,6,
0,56151,factorial,baseline,forward,7,
0,56301,factorial,baseline,forward,8,
0,55022,factorial,baseline,forward,9,
0,55535,factorial,baseline,forward,10,
0,56193,factorial,baseline,forward,11,
0,54761,factorial,baseline,forward,12,
0,55519,factorial,baseline,forward,13,
0,56719,factorial,baseline,forward,14,
0,55372,factorial,baseline,forward,15,
0,54833,factorial,baseline,forward,16,
0,55688,factorial,baseline,forward,17,
0,56254,factorial,baseline,forward,18,
0,62593,factorial,baseline,forward,19,
0,56229,factorial,baseline,forward,20,
0,55935,factorial,baseline,forward,21,
0,56158,factorial,baseline,forward,22,
0,55477,factorial,baseline,forward,23,
0,56431,factorial,baseline,forward,24,
0,55205,factorial,baseline,forward,25,
0,60574,factorial,baseline,forward,26,
0,58280,factorial,baseline,forward,27,
0,55277,factorial,baseline,forward,28,
0,55378,factorial,baseline,forward,29,
0,20767,factorial,baseline,generic-apply,0,
0,20127,factorial,baseline,generic-apply,1,
0,19926,factorial,baseline,generic-apply,2,
0,20529,factorial,baseline,generic-apply,3,
0,21178,factorial,baseline,generic-apply,4,
0,20352,factorial,baseline,generic-apply,5,
0,20793,factorial,baseline,generic-apply,6,
0,21002,factorial,baseline,generic-apply,7,
0,20148,factorial,baseline,generic-apply,8,
0,21869,factorial,baseline,generic-apply,9,
0,21061,factorial,baseline,generic-apply,10,
0,21550,factorial,baseline,generic-apply,11,
0,21417,factorial,baseline,generic-apply,12,
0,21083,factorial,baseline,generic-apply,13,
0,20615,factorial,baseline,generic-apply,14,
0,20362,factorial,baseline,generic-apply,15,
0,20433,factorial,baseline,generic-apply,16,
0,20228,factorial,baseline,generic-apply,17,
0,20679,factorial,baseline,generic-apply,18,
0,20359,factorial,baseline,generic-apply,19,
0,20178,factorial,baseline,generic-apply,20,
0,20707,factorial,baseline,generic-apply,21,
0,20662,factorial,baseline,generic-apply,22,
0,20756,factorial,baseline,generic-apply,23,
0,20701,factorial,baseline,generic-apply,24,
0,21128,factorial,baseline,generic-apply,25,
0,21055,factorial,baseline,generic-apply,26,
0,20628,factorial,baseline,generic-apply,27,
0,19862,factorial,baseline,generic-apply,28,
0,21247,factorial,baseline,generic-apply,29,
0,7608,ffmpeg,uninstrumented,uninstrumented,0,
0,12002,ffmpeg,uninstrumented,uninstrumented,1,
0,12536,ffmpeg,uninstrumented,uninstrumented,2,
0,8242,ffmpeg,uninstrumented,uninstrumented,3,
0,13177,ffmpeg,uninstrumented,uninstrumented,4,
0,12173,ffmpeg,uninstrumented,uninstrumented,5,
0,12377,ffmpeg,uninstrumented,uninstrumented,6,
0,12723,ffmpeg,uninstrumented,uninstrumented,7,
0,12080,ffmpeg,uninstrumented,uninstrumented,8,
0,12606,ffmpeg,uninstrumented,uninstrumented,9,
0,12227,ffmpeg,uninstrumented,uninstrumented,10,
0,12370,ffmpeg,uninstrumented,uninstrumented,11,
0,12470,ffmpeg,uninstrumented,uninstrumented,12,
0,12280,ffmpeg,uninstrumented,uninstrumented,13,
0,12786,ffmpeg,uninstrumented,uninstrumented,14,
0,12475,ffmpeg,uninstrumented,uninstrumented,15,
0,12763,ffmpeg,uninstrumented,uninstrumented,16,
0,12013,ffmpeg,uninstrumented,uninstrumented,17,
0,12436,ffmpeg,uninstrumented,uninstrumented,18,
0,12756,ffmpeg,uninstrumented,uninstrumented,19,
0,12658,ffmpeg,uninstrumented,uninstrumented,20,
0,12623,ffmpeg,uninstrumented,uninstrumented,21,
0,12641,ffmpeg,uninstrumented,uninstrumented,22,
0,12396,ffmpeg,uninstrumented,uninstrumented,23,
0,12998,ffmpeg,uninstrumented,uninstrumented,24,
0,12521,ffmpeg,uninstrumented,uninstrumented,25,
0,12665,ffmpeg,uninstrumented,uninstrumented,26,
0,12379,ffmpeg,uninstrumented,uninstrumented,27,
0,13471,ffmpeg,uninstrumented,uninstrumented,28,
0,12885,ffmpeg,uninstrumented,uninstrumented,29,
0,40383,ffmpeg,baseline,forward,0,
0,34695,ffmpeg,baseline,forward,1,
0,35502,ffmpeg,baseline,forward,2,
0,35001,ffmpeg,baseline,forward,3,
0,35229,ffmpeg,baseline,forward,4,
0,34799,ffmpeg,baseline,forward,5,
0,33503,ffmpeg,baseline,forward,6,
0,35405,ffmpeg,baseline,forward,7,
0,35520,ffmpeg,baseline,forward,8,
0,35076,ffmpeg,baseline,forward,9,
0,34913,ffmpeg,baseline,forward,10,
0,35335,ffmpeg,baseline,forward,11,
0,34905,ffmpeg,baseline,forward,12,
0,34776,ffmpeg,baseline,forward,13,
0,35456,ffmpeg,baseline,forward,14,
0,37482,ffmpeg,baseline,forward,15,
0,35779,ffmpeg,baseline,forward,16,
0,35073,ffmpeg,baseline,forward,17,
0,37854,ffmpeg,baseline,forward,18,
0,44801,ffmpeg,baseline,forward,19,
0,43843,ffmpeg,baseline,forward,20,
0,40725,ffmpeg,baseline,forward,21,
0,35672,ffmpeg,baseline,forward,22,
0,34326,ffmpeg,baseline,forward,23,
0,35964,ffmpeg,baseline,forward,24,
0,47826,ffmpeg,baseline,forward,25,
0,35807,ffmpeg,baseline,forward,26,
0,44183,ffmpeg,baseline,forward,27,
0,35074,ffmpeg,baseline,forward,28,
0,35722,ffmpeg,baseline,forward,29,
0,23028,ffmpeg,baseline,generic-apply,0,
0,21685,ffmpeg,baseline,generic-apply,1,
0,22155,ffmpeg,baseline,generic-apply,2,
0,22725,ffmpeg,baseline,generic-apply,3,
0,22209,ffmpeg,baseline,generic-apply,4,
0,21712,ffmpeg,baseline,generic-apply,5,
0,21166,ffmpeg,baseline,generic-apply,6,
0,22916,ffmpeg,baseline,generic-apply,7,
0,22223,ffmpeg,baseline,generic-apply,8,
0,22073,ffmpeg,baseline,generic-apply,9,
0,22250,ffmpeg,baseline,generic-apply,10,
0,22453,ffmpeg,baseline,generic-apply,11,
0,22273,ffmpeg,baseline,generic-apply,12,
0,21890,ffmpeg,baseline,generic-apply,13,
0,21740,ffmpeg,baseline,generic-apply,14,
0,22783,ffmpeg,baseline,generic-apply,15,
0,22533,ffmpeg,baseline,generic-apply,16,
0,21758,ffmpeg,baseline,generic-apply,17,
0,22804,ffmpeg,baseline,generic-apply,18,
0,21275,ffmpeg,baseline,generic-apply,19,
0,22252,ffmpeg,baseline,generic-apply,20,
0,21503,ffmpeg,baseline,generic-apply,21,
0,22008,ffmpeg,baseline,generic-apply,22,
0,21615,ffmpeg,baseline,generic-apply,23,
0,22387,ffmpeg,baseline,generic-apply,24,
0,21408,ffmpeg,baseline,generic-apply,25,
0,25013,ffmpeg,baseline,generic-apply,26,
0,22139,ffmpeg,baseline,generic-apply,27,
0,21618,ffmpeg,baseline,generic-apply,28,
0,21529,ffmpeg,baseline,generic-apply,29,
2193,2193570299,fib,uninstrumented,uninstrumented,0,
2192,2192806017,fib,uninstrumented,uninstrumented,1,
2496,2496549574,fib,uninstrumented,uninstrumented,2,
2193,2193196062,fib,uninstrumented,uninstrumented,3,
2193,2193592871,fib,uninstrumented,uninstrumented,4,
2240,2240760121,fib,uninstrumented,uninstrumented,5,
2193,2193318240,fib,uninstrumented,uninstrumented,6,
2193,2193028239,fib,uninstrumented,uninstrumented,7,
2192,2192754890,fib,uninstrumented,uninstrumented,8,
2192,2192949508,fib,uninstrumented,uninstrumented,9,
2192,2192438624,fib,uninstrumented,uninstrumented,10,
2193,2193226545,fib,uninstrumented,uninstrumented,11,
2192,2192338609,fib,uninstrumented,uninstrumented,12,
2260,2260599348,fib,uninstrumented,uninstrumented,13,
2192,2192922215,fib,uninstrumented,uninstrumented,14,
2193,2193460090,fib,uninstrumented,uninstrumented,15,
2192,2192894169,fib,uninstrumented,uninstrumented,16,
2261,2261822325,fib,uninstrumented,uninstrumented,17,
2192,2192763733,fib,uninstrumented,uninstrumented,18,
2193,2193506542,fib,uninstrumented,uninstrumented,19,
2195,2195847926,fib,uninstrumented,uninstrumented,20,
2196,2196856438,fib,uninstrumented,uninstrumented,21,
2339,2339969170,fib,uninstrumented,uninstrumented,22,
2194,2194321671,fib,uninstrumented,uninstrumented,23,
2195,2195811564,fib,uninstrumented,uninstrumented,24,
2192,2192567320,fib,uninstrumented,uninstrumented,25,
2383,2383558462,fib,uninstrumented,uninstrumented,26,
2192,2192160756,fib,uninstrumented,uninstrumented,27,
2192,2192808873,fib,uninstrumented,uninstrumented,28,
2192,2192492541,fib,uninstrumented,uninstrumented,29,
301244,301244944900,fib,baseline,forward,0,
301132,301132581319,fib,baseline,forward,1,
299652,299652453480,fib,baseline,forward,2,
299026,299026834071,fib,baseline,forward,3,
300207,300207520401,fib,baseline,forward,4,
300995,300995056352,fib,baseline,forward,5,
300130,300130666204,fib,baseline,forward,6,
298882,298882562709,fib,baseline,forward,7,
300367,300367163602,fib,baseline,forward,8,
300398,300398361991,fib,baseline,forward,9,
299396,299396649017,fib,baseline,forward,10,
298769,298769057808,fib,baseline,forward,11,
300195,300195014493,fib,baseline,forward,12,
299167,299167497739,fib,baseline,forward,13,
300024,300024242260,fib,baseline,forward,14,
298590,298590739033,fib,baseline,forward,15,
299513,299513248710,fib,baseline,forward,16,
298533,298533012792,fib,baseline,forward,17,
299894,299894701762,fib,baseline,forward,18,
301761,301761886506,fib,baseline,forward,19,
302192,302192690228,fib,baseline,forward,20,
299453,299453292143,fib,baseline,forward,21,
299029,299029727432,fib,baseline,forward,22,
298831,298831065422,fib,baseline,forward,23,
298197,298197021729,fib,baseline,forward,24,
299603,299603065365,fib,baseline,forward,25,
299036,299036000943,fib,baseline,forward,26,
300137,300137049526,fib,baseline,forward,27,
301114,301114314124,fib,baseline,forward,28,
300251,300251104770,fib,baseline,forward,29,
81196,81196030857,fib,baseline,generic-apply,0,
81903,81903788558,fib,baseline,generic-apply,1,
81758,81758713176,fib,baseline,generic-apply,2,
81934,81934550664,fib,baseline,generic-apply,3,
82025,82025115904,fib,baseline,generic-apply,4,
81963,81963093277,fib,baseline,generic-apply,5,
82103,82103523494,fib,baseline,generic-apply,6,
82472,82472693689,fib,baseline,generic-apply,7,
82604,82604500330,fib,baseline,generic-apply,8,
82595,82595475405,fib,baseline,generic-apply,9,
82250,82250120129,fib,baseline,generic-apply,10,
82793,82793260215,fib,baseline,generic-apply,11,
81817,81817414932,fib,baseline,generic-apply,12,
82333,82333550394,fib,baseline,generic-apply,13,
81761,81761552687,fib,baseline,generic-apply,14,
81506,81506310662,fib,baseline,generic-apply,15,
81743,81743052808,fib,baseline,generic-apply,16,
81770,81770337422,fib,baseline,generic-apply,17,
81403,81403974085,fib,baseline,generic-apply,18,
81383,81383161156,fib,baseline,generic-apply,19,
82906,82906007611,fib,baseline,generic-apply,20,
81644,81644915881,fib,baseline,generic-apply,21,
81450,81450656507,fib,baseline,generic-apply,22,
81492,81492474488,fib,baseline,generic-apply,23,
81465,81465668226,fib,baseline,generic-apply,24,
81368,81368157498,fib,baseline,generic-apply,25,
81896,81896411656,fib,baseline,generic-apply,26,
81603,81603334525,fib,baseline,generic-apply,27,
81919,81919606249,fib,baseline,generic-apply,28,
81604,81604176181,fib,baseline,generic-apply,29,
0,17950,figma-startpage,uninstrumented,uninstrumented,0,
0,16773,figma-startpage,uninstrumented,uninstrumented,1,
0,16775,figma-startpage,uninstrumented,uninstrumented,2,
0,17206,figma-startpage,uninstrumented,uninstrumented,3,
0,16704,figma-startpage,uninstrumented,uninstrumented,4,
0,17100,figma-startpage,uninstrumented,uninstrumented,5,
0,16862,figma-startpage,uninstrumented,uninstrumented,6,
0,17837,figma-startpage,uninstrumented,uninstrumented,7,
0,17714,figma-startpage,uninstrumented,uninstrumented,8,
0,17180,figma-startpage,uninstrumented,uninstrumented,9,
0,16486,figma-startpage,uninstrumented,uninstrumented,10,
0,16903,figma-startpage,uninstrumented,uninstrumented,11,
0,16503,figma-startpage,uninstrumented,uninstrumented,12,
0,17253,figma-startpage,uninstrumented,uninstrumented,13,
0,17045,figma-startpage,uninstrumented,uninstrumented,14,
0,17477,figma-startpage,uninstrumented,uninstrumented,15,
0,18006,figma-startpage,uninstrumented,uninstrumented,16,
0,17037,figma-startpage,uninstrumented,uninstrumented,17,
0,18105,figma-startpage,uninstrumented,uninstrumented,18,
0,17499,figma-startpage,uninstrumented,uninstrumented,19,
0,17010,figma-startpage,uninstrumented,uninstrumented,20,
0,17423,figma-startpage,uninstrumented,uninstrumented,21,
0,17366,figma-startpage,uninstrumented,uninstrumented,22,
0,17400,figma-startpage,uninstrumented,uninstrumented,23,
0,23202,figma-startpage,uninstrumented,uninstrumented,24,
0,17300,figma-startpage,uninstrumented,uninstrumented,25,
0,16448,figma-startpage,uninstrumented,uninstrumented,26,
0,17504,figma-startpage,uninstrumented,uninstrumented,27,
0,17050,figma-startpage,uninstrumented,uninstrumented,28,
0,16932,figma-startpage,uninstrumented,uninstrumented,29,
0,338118,figma-startpage,baseline,forward,0,
0,332528,figma-startpage,baseline,forward,1,
0,336388,figma-startpage,baseline,forward,2,
0,332986,figma-startpage,baseline,forward,3,
0,335097,figma-startpage,baseline,forward,4,
0,336168,figma-startpage,baseline,forward,5,
0,787833,figma-startpage,baseline,forward,6,
0,342698,figma-startpage,baseline,forward,7,
0,341010,figma-startpage,baseline,forward,8,
0,340676,figma-startpage,baseline,forward,9,
0,496542,figma-startpage,baseline,forward,10,
0,338737,figma-startpage,baseline,forward,11,
0,339988,figma-startpage,baseline,forward,12,
0,331769,figma-startpage,baseline,forward,13,
0,333599,figma-startpage,baseline,forward,14,
0,337053,figma-startpage,baseline,forward,15,
0,342758,figma-startpage,baseline,forward,16,
0,340252,figma-startpage,baseline,forward,17,
0,332681,figma-startpage,baseline,forward,18,
0,333393,figma-startpage,baseline,forward,19,
0,361674,figma-startpage,baseline,forward,20,
0,331497,figma-startpage,baseline,forward,21,
0,337951,figma-startpage,baseline,forward,22,
0,339669,figma-startpage,baseline,forward,23,
0,332651,figma-startpage,baseline,forward,24,
0,338203,figma-startpage,baseline,forward,25,
0,707768,figma-startpage,baseline,forward,26,
0,342482,figma-startpage,baseline,forward,27,
0,339309,figma-startpage,baseline,forward,28,
0,333449,figma-startpage,baseline,forward,29,
0,113452,figma-startpage,baseline,generic-apply,0,
0,112301,figma-startpage,baseline,generic-apply,1,
0,115331,figma-startpage,baseline,generic-apply,2,
0,113858,figma-startpage,baseline,generic-apply,3,
0,113215,figma-startpage,baseline,generic-apply,4,
0,115460,figma-startpage,baseline,generic-apply,5,
0,115214,figma-startpage,baseline,generic-apply,6,
0,113116,figma-startpage,baseline,generic-apply,7,
0,111505,figma-startpage,baseline,generic-apply,8,
0,114718,figma-startpage,baseline,generic-apply,9,
0,111839,figma-startpage,baseline,generic-apply,10,
0,111974,figma-startpage,baseline,generic-apply,11,
0,262589,figma-startpage,baseline,generic-apply,12,
0,113302,figma-startpage,baseline,generic-apply,13,
0,114213,figma-startpage,baseline,generic-apply,14,
0,112489,figma-startpage,baseline,generic-apply,15,
0,112642,figma-startpage,baseline,generic-apply,16,
0,111926,figma-startpage,baseline,generic-apply,17,
0,115348,figma-startpage,baseline,generic-apply,18,
0,111950,figma-startpage,baseline,generic-apply,19,
0,114112,figma-startpage,baseline,generic-apply,20,
0,116955,figma-startpage,baseline,generic-apply,21,
0,111250,figma-startpage,baseline,generic-apply,22,
0,115051,figma-startpage,baseline,generic-apply,23,
0,112727,figma-startpage,baseline,generic-apply,24,
0,111593,figma-startpage,baseline,generic-apply,25,
0,115040,figma-startpage,baseline,generic-apply,26,
0,117126,figma-startpage,baseline,generic-apply,27,
0,110713,figma-startpage,baseline,generic-apply,28,
0,113434,figma-startpage,baseline,generic-apply,29,
28,28666727,funky-kart,uninstrumented,uninstrumented,0,
34,34183085,funky-kart,uninstrumented,uninstrumented,1,
28,28732333,funky-kart,uninstrumented,uninstrumented,2,
28,28524688,funky-kart,uninstrumented,uninstrumented,3,
28,28547523,funky-kart,uninstrumented,uninstrumented,4,
29,29019108,funky-kart,uninstrumented,uninstrumented,5,
28,28545502,funky-kart,uninstrumented,uninstrumented,6,
28,28355526,funky-kart,uninstrumented,uninstrumented,7,
28,28550363,funky-kart,uninstrumented,uninstrumented,8,
28,28604806,funky-kart,uninstrumented,uninstrumented,9,
28,28528644,funky-kart,uninstrumented,uninstrumented,10,
28,28995452,funky-kart,uninstrumented,uninstrumented,11,
28,28515571,funky-kart,uninstrumented,uninstrumented,12,
28,28583347,funky-kart,uninstrumented,uninstrumented,13,
28,28567726,funky-kart,uninstrumented,uninstrumented,14,
28,28544553,funky-kart,uninstrumented,uninstrumented,15,
28,28557738,funky-kart,uninstrumented,uninstrumented,16,
28,28670869,funky-kart,uninstrumented,uninstrumented,17,
28,28625766,funky-kart,uninstrumented,uninstrumented,18,
28,28512016,funky-kart,uninstrumented,uninstrumented,19,
28,28464935,funky-kart,uninstrumented,uninstrumented,20,
28,28583824,funky-kart,uninstrumented,uninstrumented,21,
28,28570797,funky-kart,uninstrumented,uninstrumented,22,
28,28581602,funky-kart,uninstrumented,uninstrumented,23,
28,28550488,funky-kart,uninstrumented,uninstrumented,24,
28,28581100,funky-kart,uninstrumented,uninstrumented,25,
28,28566850,funky-kart,uninstrumented,uninstrumented,26,
28,28427713,funky-kart,uninstrumented,uninstrumented,27,
28,28476437,funky-kart,uninstrumented,uninstrumented,28,
28,28495404,funky-kart,uninstrumented,uninstrumented,29,
3643,3643267169,funky-kart,baseline,forward,0,
3585,3585656736,funky-kart,baseline,forward,1,
3588,3588441179,funky-kart,baseline,forward,2,
3585,3585375488,funky-kart,baseline,forward,3,
3586,3586872219,funky-kart,baseline,forward,4,
3585,3585713926,funky-kart,baseline,forward,5,
3592,3592070331,funky-kart,baseline,forward,6,
3593,3593684915,funky-kart,baseline,forward,7,
3853,3853365139,funky-kart,baseline,forward,8,
3588,3588337707,funky-kart,baseline,forward,9,
3584,3584194564,funky-kart,baseline,forward,10,
3586,3586078252,funky-kart,baseline,forward,11,
3601,3601094393,funky-kart,baseline,forward,12,
3584,3584930996,funky-kart,baseline,forward,13,
3585,3585525552,funky-kart,baseline,forward,14,
3585,3585535906,funky-kart,baseline,forward,15,
3590,3590760144,funky-kart,baseline,forward,16,
3585,3585667843,funky-kart,baseline,forward,17,
3621,3621758107,funky-kart,baseline,forward,18,
3592,3592562127,funky-kart,baseline,forward,19,
3617,3617852654,funky-kart,baseline,forward,20,
3671,3671475124,funky-kart,baseline,forward,21,
3608,3608475523,funky-kart,baseline,forward,22,
3616,3616598598,funky-kart,baseline,forward,23,
3594,3594424217,funky-kart,baseline,forward,24,
3596,3596932623,funky-kart,baseline,forward,25,
3707,3707363663,funky-kart,baseline,forward,26,
3588,3588134316,funky-kart,baseline,forward,27,
3615,3615247067,funky-kart,baseline,forward,28,
3586,3586901516,funky-kart,baseline,forward,29,
240,240692432,funky-kart,baseline,generic-apply,0,
242,242649694,funky-kart,baseline,generic-apply,1,
242,242470321,funky-kart,baseline,generic-apply,2,
242,242921588,funky-kart,baseline,generic-apply,3,
242,242291432,funky-kart,baseline,generic-apply,4,
241,241726116,funky-kart,baseline,generic-apply,5,
241,241722637,funky-kart,baseline,generic-apply,6,
241,241749157,funky-kart,baseline,generic-apply,7,
241,241850497,funky-kart,baseline,generic-apply,8,
242,242769908,funky-kart,baseline,generic-apply,9,
240,240958578,funky-kart,baseline,generic-apply,10,
242,242053929,funky-kart,baseline,generic-apply,11,
253,253232395,funky-kart,baseline,generic-apply,12,
241,241945639,funky-kart,baseline,generic-apply,13,
242,242031751,funky-kart,baseline,generic-apply,14,
249,249512041,funky-kart,baseline,generic-apply,15,
242,242550059,funky-kart,baseline,generic-apply,16,
241,241832851,funky-kart,baseline,generic-apply,17,
261,261195142,funky-kart,baseline,generic-apply,18,
242,242046269,funky-kart,baseline,generic-apply,19,
242,242294708,funky-kart,baseline,generic-apply,20,
242,242390967,funky-kart,baseline,generic-apply,21,
242,242180556,funky-kart,baseline,generic-apply,22,
242,242154524,funky-kart,baseline,generic-apply,23,
241,241937956,funky-kart,baseline,generic-apply,24,
242,242423774,funky-kart,baseline,generic-apply,25,
242,242513081,funky-kart,baseline,generic-apply,26,
241,241567479,funky-kart,baseline,generic-apply,27,
241,241648787,funky-kart,baseline,generic-apply,28,
241,241973620,funky-kart,baseline,generic-apply,29,
0,7911,game-of-life,uninstrumented,uninstrumented,0,
0,8065,game-of-life,uninstrumented,uninstrumented,1,
0,6690,game-of-life,uninstrumented,uninstrumented,2,
0,7167,game-of-life,uninstrumented,uninstrumented,3,
0,6732,game-of-life,uninstrumented,uninstrumented,4,
0,6633,game-of-life,uninstrumented,uninstrumented,5,
0,6807,game-of-life,uninstrumented,uninstrumented,6,
0,6177,game-of-life,uninstrumented,uninstrumented,7,
0,6030,game-of-life,uninstrumented,uninstrumented,8,
0,5725,game-of-life,uninstrumented,uninstrumented,9,
0,6575,game-of-life,uninstrumented,uninstrumented,10,
0,8114,game-of-life,uninstrumented,uninstrumented,11,
0,7501,game-of-life,uninstrumented,uninstrumented,12,
0,6156,game-of-life,uninstrumented,uninstrumented,13,
0,7500,game-of-life,uninstrumented,uninstrumented,14,
0,6677,game-of-life,uninstrumented,uninstrumented,15,
0,6368,game-of-life,uninstrumented,uninstrumented,16,
0,5318,game-of-life,uninstrumented,uninstrumented,17,
0,5533,game-of-life,uninstrumented,uninstrumented,18,
0,4955,game-of-life,uninstrumented,uninstrumented,19,
0,5762,game-of-life,uninstrumented,uninstrumented,20,
0,6721,game-of-life,uninstrumented,uninstrumented,21,
0,5912,game-of-life,uninstrumented,uninstrumented,22,
0,7067,game-of-life,uninstrumented,uninstrumented,23,
0,7341,game-of-life,uninstrumented,uninstrumented,24,
0,7126,game-of-life,uninstrumented,uninstrumented,25,
0,6461,game-of-life,uninstrumented,uninstrumented,26,
0,7019,game-of-life,uninstrumented,uninstrumented,27,
0,6438,game-of-life,uninstrumented,uninstrumented,28,
0,6182,game-of-life,uninstrumented,uninstrumented,29,
0,187993,game-of-life,baseline,forward,0,
0,188449,game-of-life,baseline,forward,1,
0,191600,game-of-life,baseline,forward,2,
0,187332,game-of-life,baseline,forward,3,
0,187492,game-of-life,baseline,forward,4,
0,188035,game-of-life,baseline,forward,5,
0,187850,game-of-life,baseline,forward,6,
0,190634,game-of-life,baseline,forward,7,
0,187309,game-of-life,baseline,forward,8,
0,192895,game-of-life,baseline,forward,9,
0,186590,game-of-life,baseline,forward,10,
0,189527,game-of-life,baseline,forward,11,
0,187431,game-of-life,baseline,forward,12,
0,187504,game-of-life,baseline,forward,13,
0,210913,game-of-life,baseline,forward,14,
0,187335,game-of-life,baseline,forward,15,
0,187347,game-of-life,baseline,forward,16,
0,197804,game-of-life,baseline,forward,17,
0,189143,game-of-life,baseline,forward,18,
0,189140,game-of-life,baseline,forward,19,
0,191603,game-of-life,baseline,forward,20,
0,190688,game-of-life,baseline,forward,21,
0,189832,game-of-life,baseline,forward,22,
0,187066,game-of-life,baseline,forward,23,
0,221105,game-of-life,baseline,forward,24,
0,187556,game-of-life,baseline,forward,25,
0,191062,game-of-life,baseline,forward,26,
0,189924,game-of-life,baseline,forward,27,
0,190780,game-of-life,baseline,forward,28,
0,191522,game-of-life,baseline,forward,29,
0,22238,game-of-life,baseline,generic-apply,0,
0,20988,game-of-life,baseline,generic-apply,1,
0,21389,game-of-life,baseline,generic-apply,2,
0,19812,game-of-life,baseline,generic-apply,3,
0,19742,game-of-life,baseline,generic-apply,4,
0,20159,game-of-life,baseline,generic-apply,5,
0,21084,game-of-life,baseline,generic-apply,6,
0,21394,game-of-life,baseline,generic-apply,7,
0,21302,game-of-life,baseline,generic-apply,8,
0,22083,game-of-life,baseline,generic-apply,9,
0,22191,game-of-life,baseline,generic-apply,10,
0,22436,game-of-life,baseline,generic-apply,11,
0,21858,game-of-life,baseline,generic-apply,12,
0,21555,game-of-life,baseline,generic-apply,13,
0,20967,game-of-life,baseline,generic-apply,14,
0,22220,game-of-life,baseline,generic-apply,15,
0,21113,game-of-life,baseline,generic-apply,16,
0,21970,game-of-life,baseline,generic-apply,17,
0,21125,game-of-life,baseline,generic-apply,18,
0,21573,game-of-life,baseline,generic-apply,19,
0,21296,game-of-life,baseline,generic-apply,20,
0,22039,game-of-life,baseline,generic-apply,21,
0,20939,game-of-life,baseline,generic-apply,22,
0,21047,game-of-life,baseline,generic-apply,23,
0,22344,game-of-life,baseline,generic-apply,24,
0,21295,game-of-life,baseline,generic-apply,25,
0,21134,game-of-life,baseline,generic-apply,26,
0,21408,game-of-life,baseline,generic-apply,27,
0,21392,game-of-life,baseline,generic-apply,28,
0,21569,game-of-life,baseline,generic-apply,29,
19,19693342,guiicons,uninstrumented,uninstrumented,0,
19,19714595,guiicons,uninstrumented,uninstrumented,1,
19,19751290,guiicons,uninstrumented,uninstrumented,2,
19,19743379,guiicons,uninstrumented,uninstrumented,3,
19,19793928,guiicons,uninstrumented,uninstrumented,4,
19,19852902,guiicons,uninstrumented,uninstrumented,5,
19,19843867,guiicons,uninstrumented,uninstrumented,6,
19,19813710,guiicons,uninstrumented,uninstrumented,7,
19,19744104,guiicons,uninstrumented,uninstrumented,8,
19,19758945,guiicons,uninstrumented,uninstrumented,9,
19,19656267,guiicons,uninstrumented,uninstrumented,10,
19,19762823,guiicons,uninstrumented,uninstrumented,11,
19,19759222,guiicons,uninstrumented,uninstrumented,12,
19,19736495,guiicons,uninstrumented,uninstrumented,13,
19,19713817,guiicons,uninstrumented,uninstrumented,14,
19,19735106,guiicons,uninstrumented,uninstrumented,15,
19,19637320,guiicons,uninstrumented,uninstrumented,16,
19,19672936,guiicons,uninstrumented,uninstrumented,17,
19,19768703,guiicons,uninstrumented,uninstrumented,18,
19,19751291,guiicons,uninstrumented,uninstrumented,19,
19,19829156,guiicons,uninstrumented,uninstrumented,20,
19,19723053,guiicons,uninstrumented,uninstrumented,21,
19,19807698,guiicons,uninstrumented,uninstrumented,22,
19,19756733,guiicons,uninstrumented,uninstrumented,23,
19,19781598,guiicons,uninstrumented,uninstrumented,24,
19,19767099,guiicons,uninstrumented,uninstrumented,25,
19,19794528,guiicons,uninstrumented,uninstrumented,26,
19,19814541,guiicons,uninstrumented,uninstrumented,27,
19,19734508,guiicons,uninstrumented,uninstrumented,28,
19,19798849,guiicons,uninstrumented,uninstrumented,29,
3039,3039816838,guiicons,baseline,forward,0,
3039,3039166242,guiicons,baseline,forward,1,
3036,3036683816,guiicons,baseline,forward,2,
3035,3035257850,guiicons,baseline,forward,3,
3044,3044418737,guiicons,baseline,forward,4,
3048,3048581532,guiicons,baseline,forward,5,
3044,3044959912,guiicons,baseline,forward,6,
3038,3038857831,guiicons,baseline,forward,7,
3039,3039415902,guiicons,baseline,forward,8,
3041,3041344947,guiicons,baseline,forward,9,
3039,3039250443,guiicons,baseline,forward,10,
3039,3039219257,guiicons,baseline,forward,11,
3054,3054885012,guiicons,baseline,forward,12,
3040,3040768092,guiicons,baseline,forward,13,
3039,3039087365,guiicons,baseline,forward,14,
3040,3040053881,guiicons,baseline,forward,15,
3033,3033759318,guiicons,baseline,forward,16,
3038,3038612103,guiicons,baseline,forward,17,
3042,3042281311,guiicons,baseline,forward,18,
3039,3039206562,guiicons,baseline,forward,19,
3042,3042766532,guiicons,baseline,forward,20,
3040,3040225110,guiicons,baseline,forward,21,
3037,3037784254,guiicons,baseline,forward,22,
3039,3039236111,guiicons,baseline,forward,23,
3037,3037975346,guiicons,baseline,forward,24,
3038,3038061707,guiicons,baseline,forward,25,
3090,3090464009,guiicons,baseline,forward,26,
3050,3050805986,guiicons,baseline,forward,27,
3036,3036347595,guiicons,baseline,forward,28,
3034,3034887528,guiicons,baseline,forward,29,
123,123864713,guiicons,baseline,generic-apply,0,
120,120152971,guiicons,baseline,generic-apply,1,
120,120167062,guiicons,baseline,generic-apply,2,
120,120363352,guiicons,baseline,generic-apply,3,
120,120172529,guiicons,baseline,generic-apply,4,
120,120064370,guiicons,baseline,generic-apply,5,
120,120168566,guiicons,baseline,generic-apply,6,
120,120143297,guiicons,baseline,generic-apply,7,
128,128862199,guiicons,baseline,generic-apply,8,
120,120280977,guiicons,baseline,generic-apply,9,
120,120279920,guiicons,baseline,generic-apply,10,
120,120355783,guiicons,baseline,generic-apply,11,
120,120020784,guiicons,baseline,generic-apply,12,
120,120521711,guiicons,baseline,generic-apply,13,
120,120178477,guiicons,baseline,generic-apply,14,
120,120075287,guiicons,baseline,generic-apply,15,
120,120104827,guiicons,baseline,generic-apply,16,
120,120168562,guiicons,baseline,generic-apply,17,
120,120236933,guiicons,baseline,generic-apply,18,
120,120324845,guiicons,baseline,generic-apply,19,
120,120652579,guiicons,baseline,generic-apply,20,
120,120342022,guiicons,baseline,generic-apply,21,
120,120000470,guiicons,baseline,generic-apply,22,
120,120266925,guiicons,baseline,generic-apply,23,
120,120045144,guiicons,baseline,generic-apply,24,
120,120289762,guiicons,baseline,generic-apply,25,
120,120094868,guiicons,baseline,generic-apply,26,
120,120309062,guiicons,baseline,generic-apply,27,
120,120106303,guiicons,baseline,generic-apply,28,
120,120494065,guiicons,baseline,generic-apply,29,
0,23042,hydro,uninstrumented,uninstrumented,0,
0,21450,hydro,uninstrumented,uninstrumented,1,
0,22334,hydro,uninstrumented,uninstrumented,2,
0,21015,hydro,uninstrumented,uninstrumented,3,
0,21458,hydro,uninstrumented,uninstrumented,4,
0,22182,hydro,uninstrumented,uninstrumented,5,
0,22213,hydro,uninstrumented,uninstrumented,6,
0,22067,hydro,uninstrumented,uninstrumented,7,
0,21071,hydro,uninstrumented,uninstrumented,8,
0,22032,hydro,uninstrumented,uninstrumented,9,
0,22906,hydro,uninstrumented,uninstrumented,10,
0,21819,hydro,uninstrumented,uninstrumented,11,
0,22032,hydro,uninstrumented,uninstrumented,12,
0,21366,hydro,uninstrumented,uninstrumented,13,
0,21814,hydro,uninstrumented,uninstrumented,14,
0,21454,hydro,uninstrumented,uninstrumented,15,
0,21576,hydro,uninstrumented,uninstrumented,16,
0,21287,hydro,uninstrumented,uninstrumented,17,
0,23803,hydro,uninstrumented,uninstrumented,18,
0,21576,hydro,uninstrumented,uninstrumented,19,
0,21126,hydro,uninstrumented,uninstrumented,20,
0,21280,hydro,uninstrumented,uninstrumented,21,
0,20834,hydro,uninstrumented,uninstrumented,22,
0,23568,hydro,uninstrumented,uninstrumented,23,
0,21572,hydro,uninstrumented,uninstrumented,24,
0,21259,hydro,uninstrumented,uninstrumented,25,
0,20771,hydro,uninstrumented,uninstrumented,26,
0,22090,hydro,uninstrumented,uninstrumented,27,
0,21258,hydro,uninstrumented,uninstrumented,28,
0,21365,hydro,uninstrumented,uninstrumented,29,
0,289767,hydro,baseline,forward,0,
0,293118,hydro,baseline,forward,1,
0,290228,hydro,baseline,forward,2,
0,300454,hydro,baseline,forward,3,
0,294529,hydro,baseline,forward,4,
0,295520,hydro,baseline,forward,5,
0,296475,hydro,baseline,forward,6,
0,294478,hydro,baseline,forward,7,
0,296813,hydro,baseline,forward,8,
0,288780,hydro,baseline,forward,9,
0,288495,hydro,baseline,forward,10,
0,293987,hydro,baseline,forward,11,
0,291915,hydro,baseline,forward,12,
0,290230,hydro,baseline,forward,13,
0,292132,hydro,baseline,forward,14,
0,290662,hydro,baseline,forward,15,
0,284710,hydro,baseline,forward,16,
0,288434,hydro,baseline,forward,17,
0,287745,hydro,baseline,forward,18,
0,288885,hydro,baseline,forward,19,
0,431773,hydro,baseline,forward,20,
0,284560,hydro,baseline,forward,21,
0,290480,hydro,baseline,forward,22,
0,292671,hydro,baseline,forward,23,
0,283552,hydro,baseline,forward,24,
0,285483,hydro,baseline,forward,25,
0,290903,hydro,baseline,forward,26,
0,287180,hydro,baseline,forward,27,
0,286677,hydro,baseline,forward,28,
0,285480,hydro,baseline,forward,29,
0,70042,hydro,baseline,generic-apply,0,
0,69504,hydro,baseline,generic-apply,1,
0,69042,hydro,baseline,generic-apply,2,
0,68727,hydro,baseline,generic-apply,3,
0,72179,hydro,baseline,generic-apply,4,
0,73077,hydro,baseline,generic-apply,5,
0,69570,hydro,baseline,generic-apply,6,
0,69855,hydro,baseline,generic-apply,7,
0,70284,hydro,baseline,generic-apply,8,
0,70420,hydro,baseline,generic-apply,9,
0,69759,hydro,baseline,generic-apply,10,
0,113330,hydro,baseline,generic-apply,11,
0,124246,hydro,baseline,generic-apply,12,
0,68939,hydro,baseline,generic-apply,13,
0,68818,hydro,baseline,generic-apply,14,
0,69530,hydro,baseline,generic-apply,15,
0,69507,hydro,baseline,generic-apply,16,
0,69568,hydro,baseline,generic-apply,17,
0,70042,hydro,baseline,generic-apply,18,
0,68978,hydro,baseline,generic-apply,19,
0,73167,hydro,baseline,generic-apply,20,
0,69726,hydro,baseline,generic-apply,21,
0,68999,hydro,baseline,generic-apply,22,
0,136226,hydro,baseline,generic-apply,23,
0,69064,hydro,baseline,generic-apply,24,
0,69669,hydro,baseline,generic-apply,25,
0,70176,hydro,baseline,generic-apply,26,
0,70379,hydro,baseline,generic-apply,27,
0,69503,hydro,baseline,generic-apply,28,
0,73781,hydro,baseline,generic-apply,29,
0,9170,jqkungfu,uninstrumented,uninstrumented,0,
0,9320,jqkungfu,uninstrumented,uninstrumented,1,
0,9306,jqkungfu,uninstrumented,uninstrumented,2,
0,9476,jqkungfu,uninstrumented,uninstrumented,3,
0,9326,jqkungfu,uninstrumented,uninstrumented,4,
0,9790,jqkungfu,uninstrumented,uninstrumented,5,
0,9906,jqkungfu,uninstrumented,uninstrumented,6,
0,10060,jqkungfu,uninstrumented,uninstrumented,7,
0,9563,jqkungfu,uninstrumented,uninstrumented,8,
0,9596,jqkungfu,uninstrumented,uninstrumented,9,
0,9666,jqkungfu,uninstrumented,uninstrumented,10,
0,9694,jqkungfu,uninstrumented,uninstrumented,11,
0,9736,jqkungfu,uninstrumented,uninstrumented,12,
0,8947,jqkungfu,uninstrumented,uninstrumented,13,
0,9592,jqkungfu,uninstrumented,uninstrumented,14,
0,9366,jqkungfu,uninstrumented,uninstrumented,15,
0,9243,jqkungfu,uninstrumented,uninstrumented,16,
0,9358,jqkungfu,uninstrumented,uninstrumented,17,
0,9134,jqkungfu,uninstrumented,uninstrumented,18,
0,9190,jqkungfu,uninstrumented,uninstrumented,19,
0,9386,jqkungfu,uninstrumented,uninstrumented,20,
0,9036,jqkungfu,uninstrumented,uninstrumented,21,
0,9740,jqkungfu,uninstrumented,uninstrumented,22,
0,9432,jqkungfu,uninstrumented,uninstrumented,23,
0,9103,jqkungfu,uninstrumented,uninstrumented,24,
0,8973,jqkungfu,uninstrumented,uninstrumented,25,
0,9174,jqkungfu,uninstrumented,uninstrumented,26,
0,9295,jqkungfu,uninstrumented,uninstrumented,27,
0,8883,jqkungfu,uninstrumented,uninstrumented,28,
0,9142,jqkungfu,uninstrumented,uninstrumented,29,
0,39989,jqkungfu,baseline,forward,0,
0,38127,jqkungfu,baseline,forward,1,
0,38485,jqkungfu,baseline,forward,2,
0,36992,jqkungfu,baseline,forward,3,
0,37414,jqkungfu,baseline,forward,4,
0,37852,jqkungfu,baseline,forward,5,
0,38467,jqkungfu,baseline,forward,6,
0,37458,jqkungfu,baseline,forward,7,
0,40549,jqkungfu,baseline,forward,8,
0,40603,jqkungfu,baseline,forward,9,
0,38084,jqkungfu,baseline,forward,10,
0,37270,jqkungfu,baseline,forward,11,
0,37816,jqkungfu,baseline,forward,12,
0,37505,jqkungfu,baseline,forward,13,
0,40748,jqkungfu,baseline,forward,14,
0,36948,jqkungfu,baseline,forward,15,
0,37300,jqkungfu,baseline,forward,16,
0,37185,jqkungfu,baseline,forward,17,
0,39045,jqkungfu,baseline,forward,18,
0,40257,jqkungfu,baseline,forward,19,
0,38334,jqkungfu,baseline,forward,20,
0,37738,jqkungfu,baseline,forward,21,
0,37885,jqkungfu,baseline,forward,22,
0,36914,jqkungfu,baseline,forward,23,
0,37875,jqkungfu,baseline,forward,24,
0,36912,jqkungfu,baseline,forward,25,
0,37587,jqkungfu,baseline,forward,26,
0,40230,jqkungfu,baseline,forward,27,
0,38005,jqkungfu,baseline,forward,28,
0,38322,jqkungfu,baseline,forward,29,
0,22276,jqkungfu,baseline,generic-apply,0,
0,22404,jqkungfu,baseline,generic-apply,1,
0,21694,jqkungfu,baseline,generic-apply,2,
0,21889,jqkungfu,baseline,generic-apply,3,
0,22520,jqkungfu,baseline,generic-apply,4,
0,21713,jqkungfu,baseline,generic-apply,5,
0,22426,jqkungfu,baseline,generic-apply,6,
0,22089,jqkungfu,baseline,generic-apply,7,
0,22194,jqkungfu,baseline,generic-apply,8,
0,21663,jqkungfu,baseline,generic-apply,9,
0,21857,jqkungfu,baseline,generic-apply,10,
0,21532,jqkungfu,baseline,generic-apply,11,
0,21742,jqkungfu,baseline,generic-apply,12,
0,21514,jqkungfu,baseline,generic-apply,13,
0,22108,jqkungfu,baseline,generic-apply,14,
0,22546,jqkungfu,baseline,generic-apply,15,
0,26069,jqkungfu,baseline,generic-apply,16,
0,22329,jqkungfu,baseline,generic-apply,17,
0,21819,jqkungfu,baseline,generic-apply,18,
0,21571,jqkungfu,baseline,generic-apply,19,
0,22694,jqkungfu,baseline,generic-apply,20,
0,21734,jqkungfu,baseline,generic-apply,21,
0,22032,jqkungfu,baseline,generic-apply,22,
0,22592,jqkungfu,baseline,generic-apply,23,
0,22256,jqkungfu,baseline,generic-apply,24,
0,21327,jqkungfu,baseline,generic-apply,25,
0,21792,jqkungfu,baseline,generic-apply,26,
0,22178,jqkungfu,baseline,generic-apply,27,
0,21899,jqkungfu,baseline,generic-apply,28,
0,21494,jqkungfu,baseline,generic-apply,29,
2,2153010,jsc,uninstrumented,uninstrumented,0,
2,2143160,jsc,uninstrumented,uninstrumented,1,
2,2138401,jsc,uninstrumented,uninstrumented,2,
2,2146472,jsc,uninstrumented,uninstrumented,3,
2,2148524,jsc,uninstrumented,uninstrumented,4,
2,2141338,jsc,uninstrumented,uninstrumented,5,
2,2146989,jsc,uninstrumented,uninstrumented,6,
2,2146457,jsc,uninstrumented,uninstrumented,7,
2,2140093,jsc,uninstrumented,uninstrumented,8,
2,2144062,jsc,uninstrumented,uninstrumented,9,
2,2146846,jsc,uninstrumented,uninstrumented,10,
2,2142632,jsc,uninstrumented,uninstrumented,11,
2,2144624,jsc,uninstrumented,uninstrumented,12,
2,2143572,jsc,uninstrumented,uninstrumented,13,
2,2144711,jsc,uninstrumented,uninstrumented,14,
2,2141875,jsc,uninstrumented,uninstrumented,15,
2,2141178,jsc,uninstrumented,uninstrumented,16,
2,2145050,jsc,uninstrumented,uninstrumented,17,
2,2145647,jsc,uninstrumented,uninstrumented,18,
2,2143219,jsc,uninstrumented,uninstrumented,19,
2,2145271,jsc,uninstrumented,uninstrumented,20,
2,2141234,jsc,uninstrumented,uninstrumented,21,
2,2147969,jsc,uninstrumented,uninstrumented,22,
2,2145402,jsc,uninstrumented,uninstrumented,23,
2,2147695,jsc,uninstrumented,uninstrumented,24,
2,2140093,jsc,uninstrumented,uninstrumented,25,
2,2147408,jsc,uninstrumented,uninstrumented,26,
2,2141558,jsc,uninstrumented,uninstrumented,27,
2,2137873,jsc,uninstrumented,uninstrumented,28,
2,2140774,jsc,uninstrumented,uninstrumented,29,
105,105538559,jsc,baseline,forward,0,
105,105383671,jsc,baseline,forward,1,
105,105358236,jsc,baseline,forward,2,
105,105468103,jsc,baseline,forward,3,
105,105765183,jsc,baseline,forward,4,
105,105438888,jsc,baseline,forward,5,
105,105683294,jsc,baseline,forward,6,
327,327269403,jsc,baseline,forward,7,
105,105616481,jsc,baseline,forward,8,
105,105860345,jsc,baseline,forward,9,
105,105621227,jsc,baseline,forward,10,
105,105551999,jsc,baseline,forward,11,
105,105573853,jsc,baseline,forward,12,
105,105536982,jsc,baseline,forward,13,
105,105470321,jsc,baseline,forward,14,
105,105419029,jsc,baseline,forward,15,
105,105751565,jsc,baseline,forward,16,
105,105657522,jsc,baseline,forward,17,
105,105548639,jsc,baseline,forward,18,
105,105521338,jsc,baseline,forward,19,
105,105417792,jsc,baseline,forward,20,
105,105445930,jsc,baseline,forward,21,
105,105334380,jsc,baseline,forward,22,
105,105398163,jsc,baseline,forward,23,
105,105511219,jsc,baseline,forward,24,
105,105442723,jsc,baseline,forward,25,
105,105445989,jsc,baseline,forward,26,
105,105505463,jsc,baseline,forward,27,
105,105569865,jsc,baseline,forward,28,
105,105490754,jsc,baseline,forward,29,
27,27359441,jsc,baseline,generic-apply,0,
27,27395245,jsc,baseline,generic-apply,1,
27,27412613,jsc,baseline,generic-apply,2,
27,27368180,jsc,baseline,generic-apply,3,
73,73151940,jsc,baseline,generic-apply,4,
27,27309436,jsc,baseline,generic-apply,5,
27,27343400,jsc,baseline,generic-apply,6,
27,27420953,jsc,baseline,generic-apply,7,
27,27294873,jsc,baseline,generic-apply,8,
27,27329770,jsc,baseline,generic-apply,9,
27,27388718,jsc,baseline,generic-apply,10,
27,27340299,jsc,baseline,generic-apply,11,
27,27320465,jsc,baseline,generic-apply,12,
27,27334236,jsc,baseline,generic-apply,13,
27,27264184,jsc,baseline,generic-apply,14,
27,27342475,jsc,baseline,generic-apply,15,
53,53960466,jsc,baseline,generic-apply,16,
27,27363801,jsc,baseline,generic-apply,17,
27,27244079,jsc,baseline,generic-apply,18,
27,27293020,jsc,baseline,generic-apply,19,
27,27319598,jsc,baseline,generic-apply,20,
27,27303492,jsc,baseline,generic-apply,21,
27,27551141,jsc,baseline,generic-apply,22,
27,27369402,jsc,baseline,generic-apply,23,
27,27250255,jsc,baseline,generic-apply,24,
27,27383391,jsc,baseline,generic-apply,25,
27,27464847,jsc,baseline,generic-apply,26,
39,39954832,jsc,baseline,generic-apply,27,
27,27384426,jsc,baseline,generic-apply,28,
27,27325342,jsc,baseline,generic-apply,29,
2785,2785279415,mandelbrot,uninstrumented,uninstrumented,0,
2778,2778481674,mandelbrot,uninstrumented,uninstrumented,1,
2779,2779616904,mandelbrot,uninstrumented,uninstrumented,2,
2778,2778828839,mandelbrot,uninstrumented,uninstrumented,3,
2778,2778638282,mandelbrot,uninstrumented,uninstrumented,4,
2778,2778557072,mandelbrot,uninstrumented,uninstrumented,5,
2778,2778474631,mandelbrot,uninstrumented,uninstrumented,6,
2778,2778491319,mandelbrot,uninstrumented,uninstrumented,7,
2778,2778377916,mandelbrot,uninstrumented,uninstrumented,8,
2778,2778311260,mandelbrot,uninstrumented,uninstrumented,9,
2778,2778507668,mandelbrot,uninstrumented,uninstrumented,10,
2778,2778677900,mandelbrot,uninstrumented,uninstrumented,11,
2778,2778704026,mandelbrot,uninstrumented,uninstrumented,12,
2778,2778439098,mandelbrot,uninstrumented,uninstrumented,13,
2778,2778668974,mandelbrot,uninstrumented,uninstrumented,14,
2778,2778470964,mandelbrot,uninstrumented,uninstrumented,15,
2778,2778280733,mandelbrot,uninstrumented,uninstrumented,16,
2778,2778324031,mandelbrot,uninstrumented,uninstrumented,17,
2778,2778323230,mandelbrot,uninstrumented,uninstrumented,18,
2778,2778327533,mandelbrot,uninstrumented,uninstrumented,19,
2778,2778353403,mandelbrot,uninstrumented,uninstrumented,20,
2779,2779813612,mandelbrot,uninstrumented,uninstrumented,21,
2778,2778436194,mandelbrot,uninstrumented,uninstrumented,22,
2778,2778332481,mandelbrot,uninstrumented,uninstrumented,23,
2778,2778409043,mandelbrot,uninstrumented,uninstrumented,24,
2778,2778342079,mandelbrot,uninstrumented,uninstrumented,25,
2778,2778364864,mandelbrot,uninstrumented,uninstrumented,26,
2778,2778403407,mandelbrot,uninstrumented,uninstrumented,27,
2778,2778243783,mandelbrot,uninstrumented,uninstrumented,28,
2778,2778634517,mandelbrot,uninstrumented,uninstrumented,29,
205017,205017068011,mandelbrot,baseline,forward,0,
206597,206597935775,mandelbrot,baseline,forward,1,
206759,206759474811,mandelbrot,baseline,forward,2,
204069,204069769993,mandelbrot,baseline,forward,3,
204176,204176460209,mandelbrot,baseline,forward,4,
206789,206789816073,mandelbrot,baseline,forward,5,
205220,205220924377,mandelbrot,baseline,forward,6,
206239,206239268601,mandelbrot,baseline,forward,7,
207431,207431356943,mandelbrot,baseline,forward,8,
206271,206271477730,mandelbrot,baseline,forward,9,
205319,205319970676,mandelbrot,baseline,forward,10,
205576,205576766506,mandelbrot,baseline,forward,11,
204822,204822498675,mandelbrot,baseline,forward,12,
206194,206194288360,mandelbrot,baseline,forward,13,
214785,214785613509,mandelbrot,baseline,forward,14,
207114,207114635296,mandelbrot,baseline,forward,15,
206368,206368703120,mandelbrot,baseline,forward,16,
207234,207234648529,mandelbrot,baseline,forward,17,
205812,205812736163,mandelbrot,baseline,forward,18,
205039,205039100336,mandelbrot,baseline,forward,19,
204633,204633680470,mandelbrot,baseline,forward,20,
204292,204292781658,mandelbrot,baseline,forward,21,
205237,205237254243,mandelbrot,baseline,forward,22,
205725,205725600625,mandelbrot,baseline,forward,23,
206305,206305679853,mandelbrot,baseline,forward,24,
204986,204986627911,mandelbrot,baseline,forward,25,
204074,204074657628,mandelbrot,baseline,forward,26,
203982,203982039629,mandelbrot,baseline,forward,27,
204288,204288817151,mandelbrot,baseline,forward,28,
204413,204413834296,mandelbrot,baseline,forward,29,
2929,2929183234,mandelbrot,baseline,generic-apply,0,
2927,2927562941,mandelbrot,baseline,generic-apply,1,
2928,2928113045,mandelbrot,baseline,generic-apply,2,
2927,2927839199,mandelbrot,baseline,generic-apply,3,
2928,2928152100,mandelbrot,baseline,generic-apply,4,
2932,2932021348,mandelbrot,baseline,generic-apply,5,
2927,2927726555,mandelbrot,baseline,generic-apply,6,
2927,2927676979,mandelbrot,baseline,generic-apply,7,
3070,3070641328,mandelbrot,baseline,generic-apply,8,
2965,2965553216,mandelbrot,baseline,generic-apply,9,
2927,2927589666,mandelbrot,baseline,generic-apply,10,
2928,2928002002,mandelbrot,baseline,generic-apply,11,
2927,2927896898,mandelbrot,baseline,generic-apply,12,
2927,2927852308,mandelbrot,baseline,generic-apply,13,
2927,2927706798,mandelbrot,baseline,generic-apply,14,
2930,2930174680,mandelbrot,baseline,generic-apply,15,
2927,2927676956,mandelbrot,baseline,generic-apply,16,
2928,2928999116,mandelbrot,baseline,generic-apply,17,
2927,2927835090,mandelbrot,baseline,generic-apply,18,
2927,2927635306,mandelbrot,baseline,generic-apply,19,
2927,2927970730,mandelbrot,baseline,generic-apply,20,
2927,2927774611,mandelbrot,baseline,generic-apply,21,
2927,2927695841,mandelbrot,baseline,generic-apply,22,
2952,2952354136,mandelbrot,baseline,generic-apply,23,
2927,2927895792,mandelbrot,baseline,generic-apply,24,
2927,2927989251,mandelbrot,baseline,generic-apply,25,
2927,2927864154,mandelbrot,baseline,generic-apply,26,
2928,2928020390,mandelbrot,baseline,generic-apply,27,
2930,2930530636,mandelbrot,baseline,generic-apply,28,
2928,2928313320,mandelbrot,baseline,generic-apply,29,
5795,5795392396,multiplyDouble,uninstrumented,uninstrumented,0,
5792,5792047408,multiplyDouble,uninstrumented,uninstrumented,1,
5791,5791425413,multiplyDouble,uninstrumented,uninstrumented,2,
5791,5791029206,multiplyDouble,uninstrumented,uninstrumented,3,
5791,5791073189,multiplyDouble,uninstrumented,uninstrumented,4,
5792,5792328735,multiplyDouble,uninstrumented,uninstrumented,5,
5792,5792784558,multiplyDouble,uninstrumented,uninstrumented,6,
5791,5791808466,multiplyDouble,uninstrumented,uninstrumented,7,
5793,5793491032,multiplyDouble,uninstrumented,uninstrumented,8,
5792,5792749448,multiplyDouble,uninstrumented,uninstrumented,9,
5791,5791171848,multiplyDouble,uninstrumented,uninstrumented,10,
5790,5790892206,multiplyDouble,uninstrumented,uninstrumented,11,
5790,5790790587,multiplyDouble,uninstrumented,uninstrumented,12,
5824,5824049059,multiplyDouble,uninstrumented,uninstrumented,13,
5791,5791663227,multiplyDouble,uninstrumented,uninstrumented,14,
5790,5790873652,multiplyDouble,uninstrumented,uninstrumented,15,
5790,5790899908,multiplyDouble,uninstrumented,uninstrumented,16,
5790,5790829718,multiplyDouble,uninstrumented,uninstrumented,17,
5790,5790937565,multiplyDouble,uninstrumented,uninstrumented,18,
5812,5812731010,multiplyDouble,uninstrumented,uninstrumented,19,
5791,5791128090,multiplyDouble,uninstrumented,uninstrumented,20,
5800,5800849208,multiplyDouble,uninstrumented,uninstrumented,21,
5791,5791068413,multiplyDouble,uninstrumented,uninstrumented,22,
5790,5790907797,multiplyDouble,uninstrumented,uninstrumented,23,
5790,5790834368,multiplyDouble,uninstrumented,uninstrumented,24,
5790,5790943308,multiplyDouble,uninstrumented,uninstrumented,25,
5790,5790938489,multiplyDouble,uninstrumented,uninstrumented,26,
5790,5790883610,multiplyDouble,uninstrumented,uninstrumented,27,
5791,5791246890,multiplyDouble,uninstrumented,uninstrumented,28,
5790,5790934380,multiplyDouble,uninstrumented,uninstrumented,29,
243112,243112548213,multiplyDouble,baseline,forward,0,
242762,242762688939,multiplyDouble,baseline,forward,1,
242197,242197985678,multiplyDouble,baseline,forward,2,
242176,242176787472,multiplyDouble,baseline,forward,3,
242460,242460399262,multiplyDouble,baseline,forward,4,
242704,242704820205,multiplyDouble,baseline,forward,5,
242261,242261174358,multiplyDouble,baseline,forward,6,
243681,243681605491,multiplyDouble,baseline,forward,7,
243672,243672409769,multiplyDouble,baseline,forward,8,
245551,245551514121,multiplyDouble,baseline,forward,9,
245146,245146265521,multiplyDouble,baseline,forward,10,
245469,245469223607,multiplyDouble,baseline,forward,11,
245503,245503764240,multiplyDouble,baseline,forward,12,
245082,245082561253,multiplyDouble,baseline,forward,13,
245264,245264680492,multiplyDouble,baseline,forward,14,
245475,245475701789,multiplyDouble,baseline,forward,15,
245503,245503019064,multiplyDouble,baseline,forward,16,
245295,245295535871,multiplyDouble,baseline,forward,17,
245155,245155650474,multiplyDouble,baseline,forward,18,
243734,243734262769,multiplyDouble,baseline,forward,19,
242406,242406821099,multiplyDouble,baseline,forward,20,
242758,242758746600,multiplyDouble,baseline,forward,21,
242424,242424304376,multiplyDouble,baseline,forward,22,
243449,243449773499,multiplyDouble,baseline,forward,23,
245344,245344352840,multiplyDouble,baseline,forward,24,
242217,242217772297,multiplyDouble,baseline,forward,25,
243926,243926909958,multiplyDouble,baseline,forward,26,
242265,242265132497,multiplyDouble,baseline,forward,27,
242403,242403764050,multiplyDouble,baseline,forward,28,
241902,241902751344,multiplyDouble,baseline,forward,29,
5790,5790771389,multiplyDouble,baseline,generic-apply,0,
5790,5790730912,multiplyDouble,baseline,generic-apply,1,
5790,5790670769,multiplyDouble,baseline,generic-apply,2,
5790,5790637251,multiplyDouble,baseline,generic-apply,3,
5790,5790585712,multiplyDouble,baseline,generic-apply,4,
5790,5790655038,multiplyDouble,baseline,generic-apply,5,
5790,5790584536,multiplyDouble,baseline,generic-apply,6,
5790,5790610728,multiplyDouble,baseline,generic-apply,7,
5790,5790584108,multiplyDouble,baseline,generic-apply,8,
5790,5790586308,multiplyDouble,baseline,generic-apply,9,
5790,5790576922,multiplyDouble,baseline,generic-apply,10,
5790,5790566282,multiplyDouble,baseline,generic-apply,11,
5790,5790595185,multiplyDouble,baseline,generic-apply,12,
5790,5790555944,multiplyDouble,baseline,generic-apply,13,
5790,5790557730,multiplyDouble,baseline,generic-apply,14,
5790,5790552099,multiplyDouble,baseline,generic-apply,15,
5790,5790574975,multiplyDouble,baseline,generic-apply,16,
5790,5790567641,multiplyDouble,baseline,generic-apply,17,
5790,5790551438,multiplyDouble,baseline,generic-apply,18,
5790,5790592348,multiplyDouble,baseline,generic-apply,19,
5790,5790572549,multiplyDouble,baseline,generic-apply,20,
5790,5790557204,multiplyDouble,baseline,generic-apply,21,
5790,5790588756,multiplyDouble,baseline,generic-apply,22,
5790,5790562222,multiplyDouble,baseline,generic-apply,23,
5790,5790551811,multiplyDouble,baseline,generic-apply,24,
5790,5790597686,multiplyDouble,baseline,generic-apply,25,
5790,5790575142,multiplyDouble,baseline,generic-apply,26,
5790,5790549457,multiplyDouble,baseline,generic-apply,27,
5790,5790560652,multiplyDouble,baseline,generic-apply,28,
5790,5790566586,multiplyDouble,baseline,generic-apply,29,
1930,1930282861,multiplyInt,uninstrumented,uninstrumented,0,
1930,1930293966,multiplyInt,uninstrumented,uninstrumented,1,
1930,1930268956,multiplyInt,uninstrumented,uninstrumented,2,
1930,1930266307,multiplyInt,uninstrumented,uninstrumented,3,
1930,1930302150,multiplyInt,uninstrumented,uninstrumented,4,
1930,1930332541,multiplyInt,uninstrumented,uninstrumented,5,
1930,1930290843,multiplyInt,uninstrumented,uninstrumented,6,
1932,1932161123,multiplyInt,uninstrumented,uninstrumented,7,
2331,2331742416,multiplyInt,uninstrumented,uninstrumented,8,
1969,1969932191,multiplyInt,uninstrumented,uninstrumented,9,
1990,1990557149,multiplyInt,uninstrumented,uninstrumented,10,
1945,1945086288,multiplyInt,uninstrumented,uninstrumented,11,
1961,1961131962,multiplyInt,uninstrumented,uninstrumented,12,
1956,1956997002,multiplyInt,uninstrumented,uninstrumented,13,
1985,1985662629,multiplyInt,uninstrumented,uninstrumented,14,
1987,1987719662,multiplyInt,uninstrumented,uninstrumented,15,
1990,1990775394,multiplyInt,uninstrumented,uninstrumented,16,
1972,1972581329,multiplyInt,uninstrumented,uninstrumented,17,
1949,1949679455,multiplyInt,uninstrumented,uninstrumented,18,
1970,1970943702,multiplyInt,uninstrumented,uninstrumented,19,
1985,1985577621,multiplyInt,uninstrumented,uninstrumented,20,
1978,1978524087,multiplyInt,uninstrumented,uninstrumented,21,
1958,1958424228,multiplyInt,uninstrumented,uninstrumented,22,
1993,1993041361,multiplyInt,uninstrumented,uninstrumented,23,
2000,2000639820,multiplyInt,uninstrumented,uninstrumented,24,
1976,1976935453,multiplyInt,uninstrumented,uninstrumented,25,
1993,1993818922,multiplyInt,uninstrumented,uninstrumented,26,
2002,2002479310,multiplyInt,uninstrumented,uninstrumented,27,
1977,1977646156,multiplyInt,uninstrumented,uninstrumented,28,
2003,2003150135,multiplyInt,uninstrumented,uninstrumented,29,
217875,217875658644,multiplyInt,baseline,forward,0,
196699,196699142409,multiplyInt,baseline,forward,1,
196546,196546026953,multiplyInt,baseline,forward,2,
196837,196837395344,multiplyInt,baseline,forward,3,
196605,196605177798,multiplyInt,baseline,forward,4,
198543,198543364938,multiplyInt,baseline,forward,5,
197835,197835266871,multiplyInt,baseline,forward,6,
197236,197236053823,multiplyInt,baseline,forward,7,
196930,196930540764,multiplyInt,baseline,forward,8,
197295,197295173003,multiplyInt,baseline,forward,9,
197096,197096997079,multiplyInt,baseline,forward,10,
196775,196775231218,multiplyInt,baseline,forward,11,
196930,196930281604,multiplyInt,baseline,forward,12,
196777,196777198655,multiplyInt,baseline,forward,13,
197023,197023915142,multiplyInt,baseline,forward,14,
196821,196821412277,multiplyInt,baseline,forward,15,
197547,197547918715,multiplyInt,baseline,forward,16,
197585,197585072119,multiplyInt,baseline,forward,17,
197188,197188973463,multiplyInt,baseline,forward,18,
196400,196400949754,multiplyInt,baseline,forward,19,
198149,198149864226,multiplyInt,baseline,forward,20,
196297,196297339071,multiplyInt,baseline,forward,21,
198075,198075953715,multiplyInt,baseline,forward,22,
196639,196639086478,multiplyInt,baseline,forward,23,
196520,196520589949,multiplyInt,baseline,forward,24,
196126,196126756133,multiplyInt,baseline,forward,25,
196736,196736695843,multiplyInt,baseline,forward,26,
196185,196185629680,multiplyInt,baseline,forward,27,
195934,195934564669,multiplyInt,baseline,forward,28,
196919,196919579000,multiplyInt,baseline,forward,29,
1930,1930281868,multiplyInt,baseline,generic-apply,0,
1930,1930201966,multiplyInt,baseline,generic-apply,1,
1930,1930194885,multiplyInt,baseline,generic-apply,2,
1930,1930224628,multiplyInt,baseline,generic-apply,3,
1930,1930243256,multiplyInt,baseline,generic-apply,4,
1930,1930169163,multiplyInt,baseline,generic-apply,5,
1930,1930231639,multiplyInt,baseline,generic-apply,6,
1930,1930269730,multiplyInt,baseline,generic-apply,7,
1930,1930174515,multiplyInt,baseline,generic-apply,8,
1930,1930259497,multiplyInt,baseline,generic-apply,9,
1930,1930168916,multiplyInt,baseline,generic-apply,10,
1930,1930230412,multiplyInt,baseline,generic-apply,11,
1930,1930233937,multiplyInt,baseline,generic-apply,12,
1930,1930180967,multiplyInt,baseline,generic-apply,13,
1930,1930263262,multiplyInt,baseline,generic-apply,14,
1930,1930247579,multiplyInt,baseline,generic-apply,15,
1930,1930174245,multiplyInt,baseline,generic-apply,16,
1930,1930241886,multiplyInt,baseline,generic-apply,17,
1930,1930228649,multiplyInt,baseline,generic-apply,18,
1930,1930188136,multiplyInt,baseline,generic-apply,19,
1930,1930245928,multiplyInt,baseline,generic-apply,20,
1930,1930225694,multiplyInt,baseline,generic-apply,21,
1930,1930204673,multiplyInt,baseline,generic-apply,22,
1930,1930229954,multiplyInt,baseline,generic-apply,23,
1930,1930316644,multiplyInt,baseline,generic-apply,24,
1930,1930220360,multiplyInt,baseline,generic-apply,25,
1930,1930261655,multiplyInt,baseline,generic-apply,26,
1930,1930289474,multiplyInt,baseline,generic-apply,27,
1930,1930194553,multiplyInt,baseline,generic-apply,28,
1930,1930264190,multiplyInt,baseline,generic-apply,29,
0,172117,pacalc,uninstrumented,uninstrumented,0,
0,172837,pacalc,uninstrumented,uninstrumented,1,
0,169146,pacalc,uninstrumented,uninstrumented,2,
0,172588,pacalc,uninstrumented,uninstrumented,3,
0,168883,pacalc,uninstrumented,uninstrumented,4,
0,167891,pacalc,uninstrumented,uninstrumented,5,
0,178264,pacalc,uninstrumented,uninstrumented,6,
0,171261,pacalc,uninstrumented,uninstrumented,7,
0,172340,pacalc,uninstrumented,uninstrumented,8,
0,171071,pacalc,uninstrumented,uninstrumented,9,
0,173665,pacalc,uninstrumented,uninstrumented,10,
0,167776,pacalc,uninstrumented,uninstrumented,11,
0,175601,pacalc,uninstrumented,uninstrumented,12,
0,169097,pacalc,uninstrumented,uninstrumented,13,
0,174887,pacalc,uninstrumented,uninstrumented,14,
0,178937,pacalc,uninstrumented,uninstrumented,15,
0,175135,pacalc,uninstrumented,uninstrumented,16,
0,167803,pacalc,uninstrumented,uninstrumented,17,
0,170865,pacalc,uninstrumented,uninstrumented,18,
0,173895,pacalc,uninstrumented,uninstrumented,19,
0,194127,pacalc,uninstrumented,uninstrumented,20,
0,173044,pacalc,uninstrumented,uninstrumented,21,
0,181007,pacalc,uninstrumented,uninstrumented,22,
0,170831,pacalc,uninstrumented,uninstrumented,23,
0,179980,pacalc,uninstrumented,uninstrumented,24,
0,176028,pacalc,uninstrumented,uninstrumented,25,
0,175928,pacalc,uninstrumented,uninstrumented,26,
0,171570,pacalc,uninstrumented,uninstrumented,27,
0,176756,pacalc,uninstrumented,uninstrumented,28,
0,176102,pacalc,uninstrumented,uninstrumented,29,
19,19637995,pacalc,baseline,forward,0,
19,19669145,pacalc,baseline,forward,1,
19,19657891,pacalc,baseline,forward,2,
19,19624332,pacalc,baseline,forward,3,
19,19704759,pacalc,baseline,forward,4,
19,19710713,pacalc,baseline,forward,5,
19,19619803,pacalc,baseline,forward,6,
19,19644106,pacalc,baseline,forward,7,
19,19651274,pacalc,baseline,forward,8,
19,19679628,pacalc,baseline,forward,9,
19,19754259,pacalc,baseline,forward,10,
19,19675053,pacalc,baseline,forward,11,
19,19729273,pacalc,baseline,forward,12,
19,19645514,pacalc,baseline,forward,13,
19,19656762,pacalc,baseline,forward,14,
19,19774223,pacalc,baseline,forward,15,
19,19698753,pacalc,baseline,forward,16,
19,19710949,pacalc,baseline,forward,17,
19,19646173,pacalc,baseline,forward,18,
19,19585591,pacalc,baseline,forward,19,
19,19679537,pacalc,baseline,forward,20,
19,19620261,pacalc,baseline,forward,21,
19,19810934,pacalc,baseline,forward,22,
19,19705804,pacalc,baseline,forward,23,
19,19666590,pacalc,baseline,forward,24,
19,19651313,pacalc,baseline,forward,25,
19,19722853,pacalc,baseline,forward,26,
19,19703777,pacalc,baseline,forward,27,
19,19646899,pacalc,baseline,forward,28,
19,19617606,pacalc,baseline,forward,29,
1,1645965,pacalc,baseline,generic-apply,0,
1,1651424,pacalc,baseline,generic-apply,1,
1,1663704,pacalc,baseline,generic-apply,2,
1,1637044,pacalc,baseline,generic-apply,3,
1,1660746,pacalc,baseline,generic-apply,4,
1,1641756,pacalc,baseline,generic-apply,5,
1,1644514,pacalc,baseline,generic-apply,6,
1,1668978,pacalc,baseline,generic-apply,7,
1,1654079,pacalc,baseline,generic-apply,8,
1,1653563,pacalc,baseline,generic-apply,9,
1,1675753,pacalc,baseline,generic-apply,10,
1,1652561,pacalc,baseline,generic-apply,11,
1,1643273,pacalc,baseline,generic-apply,12,
1,1649476,pacalc,baseline,generic-apply,13,
1,1663615,pacalc,baseline,generic-apply,14,
1,1651818,pacalc,baseline,generic-apply,15,
1,1655656,pacalc,baseline,generic-apply,16,
1,1652112,pacalc,baseline,generic-apply,17,
1,1643303,pacalc,baseline,generic-apply,18,
1,1641117,pacalc,baseline,generic-apply,19,
1,1676289,pacalc,baseline,generic-apply,20,
1,1656590,pacalc,baseline,generic-apply,21,
1,1670063,pacalc,baseline,generic-apply,22,
1,1631378,pacalc,baseline,generic-apply,23,
1,1661577,pacalc,baseline,generic-apply,24,
1,1656937,pacalc,baseline,generic-apply,25,
1,1661731,pacalc,baseline,generic-apply,26,
1,1664595,pacalc,baseline,generic-apply,27,
1,1648870,pacalc,baseline,generic-apply,28,
1,1650576,pacalc,baseline,generic-apply,29,
0,33025,parquet,uninstrumented,uninstrumented,0,
0,33346,parquet,uninstrumented,uninstrumented,1,
0,33368,parquet,uninstrumented,uninstrumented,2,
0,33358,parquet,uninstrumented,uninstrumented,3,
0,33364,parquet,uninstrumented,uninstrumented,4,
0,32791,parquet,uninstrumented,uninstrumented,5,
0,33490,parquet,uninstrumented,uninstrumented,6,
0,33173,parquet,uninstrumented,uninstrumented,7,
0,31818,parquet,uninstrumented,uninstrumented,8,
0,33201,parquet,uninstrumented,uninstrumented,9,
0,32996,parquet,uninstrumented,uninstrumented,10,
0,33062,parquet,uninstrumented,uninstrumented,11,
0,32846,parquet,uninstrumented,uninstrumented,12,
0,34639,parquet,uninstrumented,uninstrumented,13,
0,32957,parquet,uninstrumented,uninstrumented,14,
0,31676,parquet,uninstrumented,uninstrumented,15,
0,32287,parquet,uninstrumented,uninstrumented,16,
0,32395,parquet,uninstrumented,uninstrumented,17,
0,31985,parquet,uninstrumented,uninstrumented,18,
0,33065,parquet,uninstrumented,uninstrumented,19,
0,32909,parquet,uninstrumented,uninstrumented,20,
0,31784,parquet,uninstrumented,uninstrumented,21,
0,32284,parquet,uninstrumented,uninstrumented,22,
0,32712,parquet,uninstrumented,uninstrumented,23,
0,33160,parquet,uninstrumented,uninstrumented,24,
0,32856,parquet,uninstrumented,uninstrumented,25,
0,32774,parquet,uninstrumented,uninstrumented,26,
0,31383,parquet,uninstrumented,uninstrumented,27,
0,32898,parquet,uninstrumented,uninstrumented,28,
0,32928,parquet,uninstrumented,uninstrumented,29,
1,1166938,parquet,baseline,forward,0,
1,1170849,parquet,baseline,forward,1,
1,1137737,parquet,baseline,forward,2,
1,1137596,parquet,baseline,forward,3,
1,1141501,parquet,baseline,forward,4,
1,1153279,parquet,baseline,forward,5,
1,1141053,parquet,baseline,forward,6,
1,1129663,parquet,baseline,forward,7,
1,1132630,parquet,baseline,forward,8,
1,1143756,parquet,baseline,forward,9,
1,1142838,parquet,baseline,forward,10,
1,1138446,parquet,baseline,forward,11,
1,1157064,parquet,baseline,forward,12,
1,1138754,parquet,baseline,forward,13,
1,1143507,parquet,baseline,forward,14,
1,1151547,parquet,baseline,forward,15,
1,1134529,parquet,baseline,forward,16,
1,1168272,parquet,baseline,forward,17,
1,1140577,parquet,baseline,forward,18,
1,1139302,parquet,baseline,forward,19,
1,1134138,parquet,baseline,forward,20,
1,1162300,parquet,baseline,forward,21,
1,1144547,parquet,baseline,forward,22,
1,1134894,parquet,baseline,forward,23,
1,1144616,parquet,baseline,forward,24,
1,1128565,parquet,baseline,forward,25,
1,1154438,parquet,baseline,forward,26,
1,1140350,parquet,baseline,forward,27,
1,1133521,parquet,baseline,forward,28,
1,1135347,parquet,baseline,forward,29,
0,233575,parquet,baseline,generic-apply,0,
0,234646,parquet,baseline,generic-apply,1,
0,230956,parquet,baseline,generic-apply,2,
0,233201,parquet,baseline,generic-apply,3,
0,231709,parquet,baseline,generic-apply,4,
0,231467,parquet,baseline,generic-apply,5,
0,231532,parquet,baseline,generic-apply,6,
0,235626,parquet,baseline,generic-apply,7,
0,230028,parquet,baseline,generic-apply,8,
0,236261,parquet,baseline,generic-apply,9,
0,233689,parquet,baseline,generic-apply,10,
0,234749,parquet,baseline,generic-apply,11,
0,230730,parquet,baseline,generic-apply,12,
0,232981,parquet,baseline,generic-apply,13,
0,232703,parquet,baseline,generic-apply,14,
0,231699,parquet,baseline,generic-apply,15,
0,236750,parquet,baseline,generic-apply,16,
0,232059,parquet,baseline,generic-apply,17,
0,236444,parquet,baseline,generic-apply,18,
0,231031,parquet,baseline,generic-apply,19,
0,231643,parquet,baseline,generic-apply,20,
0,233333,parquet,baseline,generic-apply,21,
0,232224,parquet,baseline,generic-apply,22,
0,230861,parquet,baseline,generic-apply,23,
0,231343,parquet,baseline,generic-apply,24,
0,232045,parquet,baseline,generic-apply,25,
0,234249,parquet,baseline,generic-apply,26,
0,230746,parquet,baseline,generic-apply,27,
0,234644,parquet,baseline,generic-apply,28,
0,234897,parquet,baseline,generic-apply,29,
385,385396812,pathfinding,uninstrumented,uninstrumented,0,
385,385017210,pathfinding,uninstrumented,uninstrumented,1,
384,384963844,pathfinding,uninstrumented,uninstrumented,2,
385,385094899,pathfinding,uninstrumented,uninstrumented,3,
384,384803443,pathfinding,uninstrumented,uninstrumented,4,
385,385514199,pathfinding,uninstrumented,uninstrumented,5,
385,385243598,pathfinding,uninstrumented,uninstrumented,6,
385,385275207,pathfinding,uninstrumented,uninstrumented,7,
385,385312521,pathfinding,uninstrumented,uninstrumented,8,
385,385148102,pathfinding,uninstrumented,uninstrumented,9,
385,385074011,pathfinding,uninstrumented,uninstrumented,10,
386,386385639,pathfinding,uninstrumented,uninstrumented,11,
385,385018032,pathfinding,uninstrumented,uninstrumented,12,
385,385792916,pathfinding,uninstrumented,uninstrumented,13,
448,448943638,pathfinding,uninstrumented,uninstrumented,14,
386,386170483,pathfinding,uninstrumented,uninstrumented,15,
385,385058316,pathfinding,uninstrumented,uninstrumented,16,
385,385165090,pathfinding,uninstrumented,uninstrumented,17,
386,386908004,pathfinding,uninstrumented,uninstrumented,18,
384,384973689,pathfinding,uninstrumented,uninstrumented,19,
459,459697255,pathfinding,uninstrumented,uninstrumented,20,
388,388879308,pathfinding,uninstrumented,uninstrumented,21,
385,385003380,pathfinding,uninstrumented,uninstrumented,22,
385,385307880,pathfinding,uninstrumented,uninstrumented,23,
385,385685224,pathfinding,uninstrumented,uninstrumented,24,
385,385088911,pathfinding,uninstrumented,uninstrumented,25,
385,385018114,pathfinding,uninstrumented,uninstrumented,26,
387,387383913,pathfinding,uninstrumented,uninstrumented,27,
428,428327792,pathfinding,uninstrumented,uninstrumented,28,
385,385170275,pathfinding,uninstrumented,uninstrumented,29,
51496,51496775628,pathfinding,baseline,forward,0,
51593,51593329092,pathfinding,baseline,forward,1,
51962,51962471242,pathfinding,baseline,forward,2,
51791,51791969719,pathfinding,baseline,forward,3,
51643,51643033754,pathfinding,baseline,forward,4,
51652,51652640165,pathfinding,baseline,forward,5,
51395,51395875580,pathfinding,baseline,forward,6,
51536,51536274454,pathfinding,baseline,forward,7,
51802,51802299156,pathfinding,baseline,forward,8,
51809,51809207086,pathfinding,baseline,forward,9,
51678,51678730362,pathfinding,baseline,forward,10,
51396,51396884958,pathfinding,baseline,forward,11,
51390,51390061069,pathfinding,baseline,forward,12,
51379,51379982534,pathfinding,baseline,forward,13,
51387,51387499457,pathfinding,baseline,forward,14,
51555,51555444825,pathfinding,baseline,forward,15,
51598,51598021474,pathfinding,baseline,forward,16,
51387,51387022608,pathfinding,baseline,forward,17,
51396,51396746627,pathfinding,baseline,forward,18,
51402,51402486539,pathfinding,baseline,forward,19,
51455,51455394531,pathfinding,baseline,forward,20,
51394,51394653475,pathfinding,baseline,forward,21,
51483,51483743689,pathfinding,baseline,forward,22,
51613,51613582014,pathfinding,baseline,forward,23,
51976,51976814910,pathfinding,baseline,forward,24,
51716,51716344577,pathfinding,baseline,forward,25,
51595,51595626941,pathfinding,baseline,forward,26,
51621,51621542758,pathfinding,baseline,forward,27,
51734,51734546919,pathfinding,baseline,forward,28,
51712,51712734222,pathfinding,baseline,forward,29,
9624,9624160663,pathfinding,baseline,generic-apply,0,
9522,9522049730,pathfinding,baseline,generic-apply,1,
9428,9428509598,pathfinding,baseline,generic-apply,2,
9489,9489189183,pathfinding,baseline,generic-apply,3,
9479,9479676238,pathfinding,baseline,generic-apply,4,
9488,9488046560,pathfinding,baseline,generic-apply,5,
9471,9471431594,pathfinding,baseline,generic-apply,6,
9513,9513187979,pathfinding,baseline,generic-apply,7,
9418,9418056994,pathfinding,baseline,generic-apply,8,
9618,9618247695,pathfinding,baseline,generic-apply,9,
9743,9743105174,pathfinding,baseline,generic-apply,10,
9540,9540904824,pathfinding,baseline,generic-apply,11,
9700,9700760817,pathfinding,baseline,generic-apply,12,
9477,9477387736,pathfinding,baseline,generic-apply,13,
9589,9589869432,pathfinding,baseline,generic-apply,14,
9478,9478440395,pathfinding,baseline,generic-apply,15,
9532,9532495463,pathfinding,baseline,generic-apply,16,
9507,9507688438,pathfinding,baseline,generic-apply,17,
9430,9430101537,pathfinding,baseline,generic-apply,18,
9414,9414113429,pathfinding,baseline,generic-apply,19,
9440,9440411330,pathfinding,baseline,generic-apply,20,
9410,9410983730,pathfinding,baseline,generic-apply,21,
9533,9533205553,pathfinding,baseline,generic-apply,22,
9449,9449658447,pathfinding,baseline,generic-apply,23,
9464,9464517768,pathfinding,baseline,generic-apply,24,
9432,9432416742,pathfinding,baseline,generic-apply,25,
9728,9728533659,pathfinding,baseline,generic-apply,26,
9464,9464075882,pathfinding,baseline,generic-apply,27,
9405,9405889226,pathfinding,baseline,generic-apply,28,
9410,9410632394,pathfinding,baseline,generic-apply,29,
29,29642256,rfxgen,uninstrumented,uninstrumented,0,
29,29695872,rfxgen,uninstrumented,uninstrumented,1,
30,30348966,rfxgen,uninstrumented,uninstrumented,2,
29,29700712,rfxgen,uninstrumented,uninstrumented,3,
29,29712147,rfxgen,uninstrumented,uninstrumented,4,
38,38828002,rfxgen,uninstrumented,uninstrumented,5,
29,29845462,rfxgen,uninstrumented,uninstrumented,6,
29,29684673,rfxgen,uninstrumented,uninstrumented,7,
29,29525480,rfxgen,uninstrumented,uninstrumented,8,
29,29854914,rfxgen,uninstrumented,uninstrumented,9,
29,29812276,rfxgen,uninstrumented,uninstrumented,10,
29,29837666,rfxgen,uninstrumented,uninstrumented,11,
29,29813194,rfxgen,uninstrumented,uninstrumented,12,
29,29925135,rfxgen,uninstrumented,uninstrumented,13,
29,29890076,rfxgen,uninstrumented,uninstrumented,14,
29,29791357,rfxgen,uninstrumented,uninstrumented,15,
29,29851499,rfxgen,uninstrumented,uninstrumented,16,
29,29893637,rfxgen,uninstrumented,uninstrumented,17,
29,29856814,rfxgen,uninstrumented,uninstrumented,18,
29,29792251,rfxgen,uninstrumented,uninstrumented,19,
29,29905495,rfxgen,uninstrumented,uninstrumented,20,
29,29771303,rfxgen,uninstrumented,uninstrumented,21,
30,30743024,rfxgen,uninstrumented,uninstrumented,22,
29,29798462,rfxgen,uninstrumented,uninstrumented,23,
29,29786507,rfxgen,uninstrumented,uninstrumented,24,
29,29958354,rfxgen,uninstrumented,uninstrumented,25,
29,29761276,rfxgen,uninstrumented,uninstrumented,26,
29,29543139,rfxgen,uninstrumented,uninstrumented,27,
29,29581614,rfxgen,uninstrumented,uninstrumented,28,
29,29601984,rfxgen,uninstrumented,uninstrumented,29,
2334,2334026796,rfxgen,baseline,forward,0,
2314,2314860782,rfxgen,baseline,forward,1,
2310,2310341325,rfxgen,baseline,forward,2,
2306,2306239584,rfxgen,baseline,forward,3,
2310,2310955007,rfxgen,baseline,forward,4,
2326,2326378062,rfxgen,baseline,forward,5,
2393,2393563709,rfxgen,baseline,forward,6,
2314,2314472133,rfxgen,baseline,forward,7,
2308,2308201944,rfxgen,baseline,forward,8,
2311,2311065957,rfxgen,baseline,forward,9,
2309,2309296934,rfxgen,baseline,forward,10,
2308,2308774381,rfxgen,baseline,forward,11,
2307,2307580524,rfxgen,baseline,forward,12,
2305,2305595662,rfxgen,baseline,forward,13,
2306,2306111594,rfxgen,baseline,forward,14,
2305,2305383388,rfxgen,baseline,forward,15,
2305,2305383708,rfxgen,baseline,forward,16,
2312,2312247714,rfxgen,baseline,forward,17,
2307,2307925113,rfxgen,baseline,forward,18,
2390,2390723251,rfxgen,baseline,forward,19,
2310,2310109679,rfxgen,baseline,forward,20,
2310,2310488634,rfxgen,baseline,forward,21,
2375,2375799441,rfxgen,baseline,forward,22,
2310,2310168554,rfxgen,baseline,forward,23,
2312,2312979823,rfxgen,baseline,forward,24,
2311,2311442714,rfxgen,baseline,forward,25,
2315,2315175817,rfxgen,baseline,forward,26,
2309,2309335406,rfxgen,baseline,forward,27,
2313,2313140098,rfxgen,baseline,forward,28,
2312,2312317985,rfxgen,baseline,forward,29,
69,69809173,rfxgen,baseline,generic-apply,0,
69,69873207,rfxgen,baseline,generic-apply,1,
70,70379986,rfxgen,baseline,generic-apply,2,
69,69588408,rfxgen,baseline,generic-apply,3,
69,69759358,rfxgen,baseline,generic-apply,4,
75,75907213,rfxgen,baseline,generic-apply,5,
69,69608029,rfxgen,baseline,generic-apply,6,
69,69790781,rfxgen,baseline,generic-apply,7,
69,69890505,rfxgen,baseline,generic-apply,8,
69,69771459,rfxgen,baseline,generic-apply,9,
69,69775873,rfxgen,baseline,generic-apply,10,
69,69735126,rfxgen,baseline,generic-apply,11,
69,69839664,rfxgen,baseline,generic-apply,12,
69,69659375,rfxgen,baseline,generic-apply,13,
69,69689301,rfxgen,baseline,generic-apply,14,
69,69744691,rfxgen,baseline,generic-apply,15,
70,70011219,rfxgen,baseline,generic-apply,16,
69,69661311,rfxgen,baseline,generic-apply,17,
69,69708740,rfxgen,baseline,generic-apply,18,
69,69788543,rfxgen,baseline,generic-apply,19,
69,69729584,rfxgen,baseline,generic-apply,20,
69,69709310,rfxgen,baseline,generic-apply,21,
70,70598701,rfxgen,baseline,generic-apply,22,
70,70261990,rfxgen,baseline,generic-apply,23,
70,70186084,rfxgen,baseline,generic-apply,24,
69,69834036,rfxgen,baseline,generic-apply,25,
71,71613165,rfxgen,baseline,generic-apply,26,
69,69862282,rfxgen,baseline,generic-apply,27,
69,69941673,rfxgen,baseline,generic-apply,28,
69,69687022,rfxgen,baseline,generic-apply,29,
25,25931185,rguilayout,uninstrumented,uninstrumented,0,
26,26022438,rguilayout,uninstrumented,uninstrumented,1,
25,25958733,rguilayout,uninstrumented,uninstrumented,2,
25,25962801,rguilayout,uninstrumented,uninstrumented,3,
26,26542221,rguilayout,uninstrumented,uninstrumented,4,
26,26546492,rguilayout,uninstrumented,uninstrumented,5,
25,25932974,rguilayout,uninstrumented,uninstrumented,6,
26,26476348,rguilayout,uninstrumented,uninstrumented,7,
25,25905428,rguilayout,uninstrumented,uninstrumented,8,
25,25864570,rguilayout,uninstrumented,uninstrumented,9,
25,25989419,rguilayout,uninstrumented,uninstrumented,10,
25,25969815,rguilayout,uninstrumented,uninstrumented,11,
25,25992085,rguilayout,uninstrumented,uninstrumented,12,
26,26012215,rguilayout,uninstrumented,uninstrumented,13,
25,25830369,rguilayout,uninstrumented,uninstrumented,14,
25,25891487,rguilayout,uninstrumented,uninstrumented,15,
25,25859951,rguilayout,uninstrumented,uninstrumented,16,
25,25823135,rguilayout,uninstrumented,uninstrumented,17,
25,25783213,rguilayout,uninstrumented,uninstrumented,18,
25,25835247,rguilayout,uninstrumented,uninstrumented,19,
25,25837151,rguilayout,uninstrumented,uninstrumented,20,
25,25856752,rguilayout,uninstrumented,uninstrumented,21,
25,25846579,rguilayout,uninstrumented,uninstrumented,22,
25,25821543,rguilayout,uninstrumented,uninstrumented,23,
25,25928777,rguilayout,uninstrumented,uninstrumented,24,
25,25720059,rguilayout,uninstrumented,uninstrumented,25,
25,25702283,rguilayout,uninstrumented,uninstrumented,26,
25,25974231,rguilayout,uninstrumented,uninstrumented,27,
25,25727457,rguilayout,uninstrumented,uninstrumented,28,
25,25901702,rguilayout,uninstrumented,uninstrumented,29,
2197,2197284198,rguilayout,baseline,forward,0,
2194,2194911711,rguilayout,baseline,forward,1,
2195,2195436915,rguilayout,baseline,forward,2,
2193,2193944098,rguilayout,baseline,forward,3,
2192,2192702962,rguilayout,baseline,forward,4,
2193,2193696529,rguilayout,baseline,forward,5,
2195,2195340497,rguilayout,baseline,forward,6,
2193,2193614829,rguilayout,baseline,forward,7,
2195,2195675421,rguilayout,baseline,forward,8,
2195,2195787732,rguilayout,baseline,forward,9,
2198,2198185873,rguilayout,baseline,forward,10,
2208,2208122961,rguilayout,baseline,forward,11,
2195,2195996243,rguilayout,baseline,forward,12,
2192,2192682415,rguilayout,baseline,forward,13,
2194,2194616809,rguilayout,baseline,forward,14,
2194,2194357845,rguilayout,baseline,forward,15,
2197,2197945671,rguilayout,baseline,forward,16,
2194,2194959313,rguilayout,baseline,forward,17,
2194,2194693076,rguilayout,baseline,forward,18,
2196,2196030667,rguilayout,baseline,forward,19,
2193,2193056280,rguilayout,baseline,forward,20,
2191,2191304421,rguilayout,baseline,forward,21,
2195,2195659564,rguilayout,baseline,forward,22,
2196,2196189435,rguilayout,baseline,forward,23,
2196,2196264500,rguilayout,baseline,forward,24,
2195,2195308900,rguilayout,baseline,forward,25,
2193,2193284760,rguilayout,baseline,forward,26,
2195,2195917725,rguilayout,baseline,forward,27,
2198,2198723119,rguilayout,baseline,forward,28,
2196,2196009542,rguilayout,baseline,forward,29,
87,87848217,rguilayout,baseline,generic-apply,0,
87,87670407,rguilayout,baseline,generic-apply,1,
87,87565663,rguilayout,baseline,generic-apply,2,
87,87890607,rguilayout,baseline,generic-apply,3,
87,87844680,rguilayout,baseline,generic-apply,4,
87,87655346,rguilayout,baseline,generic-apply,5,
87,87655427,rguilayout,baseline,generic-apply,6,
87,87496773,rguilayout,baseline,generic-apply,7,
87,87907951,rguilayout,baseline,generic-apply,8,
87,87629252,rguilayout,baseline,generic-apply,9,
88,88098222,rguilayout,baseline,generic-apply,10,
87,87922110,rguilayout,baseline,generic-apply,11,
87,87843874,rguilayout,baseline,generic-apply,12,
87,87836106,rguilayout,baseline,generic-apply,13,
87,87741528,rguilayout,baseline,generic-apply,14,
87,87866050,rguilayout,baseline,generic-apply,15,
87,87772091,rguilayout,baseline,generic-apply,16,
87,87853678,rguilayout,baseline,generic-apply,17,
87,87636365,rguilayout,baseline,generic-apply,18,
87,87651186,rguilayout,baseline,generic-apply,19,
87,87721220,rguilayout,baseline,generic-apply,20,
87,87734465,rguilayout,baseline,generic-apply,21,
87,87518510,rguilayout,baseline,generic-apply,22,
87,87748234,rguilayout,baseline,generic-apply,23,
87,87766019,rguilayout,baseline,generic-apply,24,
87,87810342,rguilayout,baseline,generic-apply,25,
87,87884833,rguilayout,baseline,generic-apply,26,
87,87840120,rguilayout,baseline,generic-apply,27,
87,87641743,rguilayout,baseline,generic-apply,28,
87,87884015,rguilayout,baseline,generic-apply,29,
17,17581663,rguistyler,uninstrumented,uninstrumented,0,
17,17526129,rguistyler,uninstrumented,uninstrumented,1,
17,17632182,rguistyler,uninstrumented,uninstrumented,2,
17,17676342,rguistyler,uninstrumented,uninstrumented,3,
17,17525104,rguistyler,uninstrumented,uninstrumented,4,
17,17538035,rguistyler,uninstrumented,uninstrumented,5,
17,17682200,rguistyler,uninstrumented,uninstrumented,6,
17,17556564,rguistyler,uninstrumented,uninstrumented,7,
17,17523963,rguistyler,uninstrumented,uninstrumented,8,
17,17613613,rguistyler,uninstrumented,uninstrumented,9,
17,17560965,rguistyler,uninstrumented,uninstrumented,10,
17,17515734,rguistyler,uninstrumented,uninstrumented,11,
17,17541146,rguistyler,uninstrumented,uninstrumented,12,
17,17604968,rguistyler,uninstrumented,uninstrumented,13,
17,17566798,rguistyler,uninstrumented,uninstrumented,14,
17,17656656,rguistyler,uninstrumented,uninstrumented,15,
17,17540793,rguistyler,uninstrumented,uninstrumented,16,
17,17570704,rguistyler,uninstrumented,uninstrumented,17,
17,17529126,rguistyler,uninstrumented,uninstrumented,18,
17,17603699,rguistyler,uninstrumented,uninstrumented,19,
17,17547531,rguistyler,uninstrumented,uninstrumented,20,
17,17617541,rguistyler,uninstrumented,uninstrumented,21,
17,17556116,rguistyler,uninstrumented,uninstrumented,22,
17,17594864,rguistyler,uninstrumented,uninstrumented,23,
17,17553404,rguistyler,uninstrumented,uninstrumented,24,
17,17537192,rguistyler,uninstrumented,uninstrumented,25,
17,17496938,rguistyler,uninstrumented,uninstrumented,26,
17,17597673,rguistyler,uninstrumented,uninstrumented,27,
17,17564989,rguistyler,uninstrumented,uninstrumented,28,
17,17583207,rguistyler,uninstrumented,uninstrumented,29,
2955,2955529737,rguistyler,baseline,forward,0,
2956,2956711024,rguistyler,baseline,forward,1,
2956,2956523029,rguistyler,baseline,forward,2,
2956,2956664356,rguistyler,baseline,forward,3,
2954,2954828607,rguistyler,baseline,forward,4,
2958,2958220119,rguistyler,baseline,forward,5,
2953,2953623496,rguistyler,baseline,forward,6,
2956,2956723223,rguistyler,baseline,forward,7,
2954,2954161733,rguistyler,baseline,forward,8,
2953,2953910065,rguistyler,baseline,forward,9,
2956,2956107227,rguistyler,baseline,forward,10,
2955,2955804258,rguistyler,baseline,forward,11,
2955,2955456019,rguistyler,baseline,forward,12,
2956,2956043022,rguistyler,baseline,forward,13,
2952,2952692540,rguistyler,baseline,forward,14,
2954,2954519814,rguistyler,baseline,forward,15,
2956,2956318208,rguistyler,baseline,forward,16,
2957,2957430365,rguistyler,baseline,forward,17,
2962,2962295176,rguistyler,baseline,forward,18,
2954,2954793952,rguistyler,baseline,forward,19,
2956,2956994434,rguistyler,baseline,forward,20,
2955,2955139930,rguistyler,baseline,forward,21,
2957,2957083869,rguistyler,baseline,forward,22,
2955,2955890991,rguistyler,baseline,forward,23,
2955,2955500107,rguistyler,baseline,forward,24,
2956,2956003743,rguistyler,baseline,forward,25,
2953,2953624282,rguistyler,baseline,forward,26,
2956,2956380562,rguistyler,baseline,forward,27,
2955,2955008791,rguistyler,baseline,forward,28,
2953,2953511295,rguistyler,baseline,forward,29,
98,98910951,rguistyler,baseline,generic-apply,0,
99,99038965,rguistyler,baseline,generic-apply,1,
98,98860644,rguistyler,baseline,generic-apply,2,
98,98628854,rguistyler,baseline,generic-apply,3,
98,98845662,rguistyler,baseline,generic-apply,4,
98,98762268,rguistyler,baseline,generic-apply,5,
98,98803724,rguistyler,baseline,generic-apply,6,
98,98594003,rguistyler,baseline,generic-apply,7,
103,103372724,rguistyler,baseline,generic-apply,8,
98,98887378,rguistyler,baseline,generic-apply,9,
98,98755503,rguistyler,baseline,generic-apply,10,
98,98863462,rguistyler,baseline,generic-apply,11,
98,98635359,rguistyler,baseline,generic-apply,12,
100,100480995,rguistyler,baseline,generic-apply,13,
98,98623995,rguistyler,baseline,generic-apply,14,
98,98952611,rguistyler,baseline,generic-apply,15,
98,98544756,rguistyler,baseline,generic-apply,16,
98,98852303,rguistyler,baseline,generic-apply,17,
98,98777862,rguistyler,baseline,generic-apply,18,
98,98691833,rguistyler,baseline,generic-apply,19,
98,98824370,rguistyler,baseline,generic-apply,20,
98,98743088,rguistyler,baseline,generic-apply,21,
99,99669998,rguistyler,baseline,generic-apply,22,
98,98904219,rguistyler,baseline,generic-apply,23,
100,100902017,rguistyler,baseline,generic-apply,24,
100,100026056,rguistyler,baseline,generic-apply,25,
103,103562012,rguistyler,baseline,generic-apply,26,
99,99019885,rguistyler,baseline,generic-apply,27,
98,98696348,rguistyler,baseline,generic-apply,28,
122,122584515,rguistyler,baseline,generic-apply,29,
0,414543,riconpacker,uninstrumented,uninstrumented,0,
0,410575,riconpacker,uninstrumented,uninstrumented,1,
0,409794,riconpacker,uninstrumented,uninstrumented,2,
0,407087,riconpacker,uninstrumented,uninstrumented,3,
0,411644,riconpacker,uninstrumented,uninstrumented,4,
0,412933,riconpacker,uninstrumented,uninstrumented,5,
0,413238,riconpacker,uninstrumented,uninstrumented,6,
0,408117,riconpacker,uninstrumented,uninstrumented,7,
0,413978,riconpacker,uninstrumented,uninstrumented,8,
0,409905,riconpacker,uninstrumented,uninstrumented,9,
0,412322,riconpacker,uninstrumented,uninstrumented,10,
0,412534,riconpacker,uninstrumented,uninstrumented,11,
0,410679,riconpacker,uninstrumented,uninstrumented,12,
0,409495,riconpacker,uninstrumented,uninstrumented,13,
0,410245,riconpacker,uninstrumented,uninstrumented,14,
0,412280,riconpacker,uninstrumented,uninstrumented,15,
0,412005,riconpacker,uninstrumented,uninstrumented,16,
0,409589,riconpacker,uninstrumented,uninstrumented,17,
0,410066,riconpacker,uninstrumented,uninstrumented,18,
0,408491,riconpacker,uninstrumented,uninstrumented,19,
0,414649,riconpacker,uninstrumented,uninstrumented,20,
0,413153,riconpacker,uninstrumented,uninstrumented,21,
0,414991,riconpacker,uninstrumented,uninstrumented,22,
0,411773,riconpacker,uninstrumented,uninstrumented,23,
0,410309,riconpacker,uninstrumented,uninstrumented,24,
0,410656,riconpacker,uninstrumented,uninstrumented,25,
0,411847,riconpacker,uninstrumented,uninstrumented,26,
0,412709,riconpacker,uninstrumented,uninstrumented,27,
0,412446,riconpacker,uninstrumented,uninstrumented,28,
0,409302,riconpacker,uninstrumented,uninstrumented,29,
53,53038638,riconpacker,baseline,forward,0,
53,53268848,riconpacker,baseline,forward,1,
53,53297376,riconpacker,baseline,forward,2,
60,60537403,riconpacker,baseline,forward,3,
53,53124455,riconpacker,baseline,forward,4,
52,52914589,riconpacker,baseline,forward,5,
65,65659282,riconpacker,baseline,forward,6,
53,53625184,riconpacker,baseline,forward,7,
53,53067942,riconpacker,baseline,forward,8,
53,53101367,riconpacker,baseline,forward,9,
52,52866282,riconpacker,baseline,forward,10,
53,53498819,riconpacker,baseline,forward,11,
61,61940138,riconpacker,baseline,forward,12,
62,62759118,riconpacker,baseline,forward,13,
52,52993113,riconpacker,baseline,forward,14,
53,53159260,riconpacker,baseline,forward,15,
52,52900609,riconpacker,baseline,forward,16,
53,53328928,riconpacker,baseline,forward,17,
53,53080722,riconpacker,baseline,forward,18,
53,53057853,riconpacker,baseline,forward,19,
53,53160015,riconpacker,baseline,forward,20,
52,52975113,riconpacker,baseline,forward,21,
52,52887219,riconpacker,baseline,forward,22,
53,53007129,riconpacker,baseline,forward,23,
53,53154107,riconpacker,baseline,forward,24,
53,53475077,riconpacker,baseline,forward,25,
52,52987640,riconpacker,baseline,forward,26,
53,53007175,riconpacker,baseline,forward,27,
62,62494269,riconpacker,baseline,forward,28,
52,52922408,riconpacker,baseline,forward,29,
2,2043228,riconpacker,baseline,generic-apply,0,
1,1996644,riconpacker,baseline,generic-apply,1,
1,1993596,riconpacker,baseline,generic-apply,2,
2,2015630,riconpacker,baseline,generic-apply,3,
2,2008749,riconpacker,baseline,generic-apply,4,
2,2036372,riconpacker,baseline,generic-apply,5,
1,1991004,riconpacker,baseline,generic-apply,6,
2,2012370,riconpacker,baseline,generic-apply,7,
2,2002928,riconpacker,baseline,generic-apply,8,
2,2005734,riconpacker,baseline,generic-apply,9,
2,2015426,riconpacker,baseline,generic-apply,10,
2,2040726,riconpacker,baseline,generic-apply,11,
2,2004306,riconpacker,baseline,generic-apply,12,
2,2027460,riconpacker,baseline,generic-apply,13,
1,1995729,riconpacker,baseline,generic-apply,14,
2,2069608,riconpacker,baseline,generic-apply,15,
2,2004748,riconpacker,baseline,generic-apply,16,
2,2042901,riconpacker,baseline,generic-apply,17,
2,2060498,riconpacker,baseline,generic-apply,18,
2,2003443,riconpacker,baseline,generic-apply,19,
2,2004602,riconpacker,baseline,generic-apply,20,
2,2008658,riconpacker,baseline,generic-apply,21,
2,2016089,riconpacker,baseline,generic-apply,22,
2,2014311,riconpacker,baseline,generic-apply,23,
2,2003741,riconpacker,baseline,generic-apply,24,
2,2044012,riconpacker,baseline,generic-apply,25,
2,2006395,riconpacker,baseline,generic-apply,26,
2,2002386,riconpacker,baseline,generic-apply,27,
2,2012620,riconpacker,baseline,generic-apply,28,
2,2009384,riconpacker,baseline,generic-apply,29,
0,3066,rtexpacker,uninstrumented,uninstrumented,0,
0,2866,rtexpacker,uninstrumented,uninstrumented,1,
0,2720,rtexpacker,uninstrumented,uninstrumented,2,
0,2798,rtexpacker,uninstrumented,uninstrumented,3,
0,3206,rtexpacker,uninstrumented,uninstrumented,4,
0,3007,rtexpacker,uninstrumented,uninstrumented,5,
0,3381,rtexpacker,uninstrumented,uninstrumented,6,
0,2945,rtexpacker,uninstrumented,uninstrumented,7,
0,3177,rtexpacker,uninstrumented,uninstrumented,8,
0,3047,rtexpacker,uninstrumented,uninstrumented,9,
0,3246,rtexpacker,uninstrumented,uninstrumented,10,
0,2746,rtexpacker,uninstrumented,uninstrumented,11,
0,2924,rtexpacker,uninstrumented,uninstrumented,12,
0,3391,rtexpacker,uninstrumented,uninstrumented,13,
0,3218,rtexpacker,uninstrumented,uninstrumented,14,
0,3083,rtexpacker,uninstrumented,uninstrumented,15,
0,3478,rtexpacker,uninstrumented,uninstrumented,16,
0,3088,rtexpacker,uninstrumented,uninstrumented,17,
0,3036,rtexpacker,uninstrumented,uninstrumented,18,
0,2789,rtexpacker,uninstrumented,uninstrumented,19,
0,2675,rtexpacker,uninstrumented,uninstrumented,20,
0,2718,rtexpacker,uninstrumented,uninstrumented,21,
0,2898,rtexpacker,uninstrumented,uninstrumented,22,
0,2658,rtexpacker,uninstrumented,uninstrumented,23,
0,2917,rtexpacker,uninstrumented,uninstrumented,24,
0,3152,rtexpacker,uninstrumented,uninstrumented,25,
0,2635,rtexpacker,uninstrumented,uninstrumented,26,
0,2604,rtexpacker,uninstrumented,uninstrumented,27,
0,2664,rtexpacker,uninstrumented,uninstrumented,28,
0,2564,rtexpacker,uninstrumented,uninstrumented,29,
0,17799,rtexpacker,baseline,forward,0,
0,17267,rtexpacker,baseline,forward,1,
0,22007,rtexpacker,baseline,forward,2,
0,17374,rtexpacker,baseline,forward,3,
0,16803,rtexpacker,baseline,forward,4,
0,17024,rtexpacker,baseline,forward,5,
0,17440,rtexpacker,baseline,forward,6,
0,17395,rtexpacker,baseline,forward,7,
0,16999,rtexpacker,baseline,forward,8,
0,17134,rtexpacker,baseline,forward,9,
0,16991,rtexpacker,baseline,forward,10,
0,17605,rtexpacker,baseline,forward,11,
0,17281,rtexpacker,baseline,forward,12,
0,17220,rtexpacker,baseline,forward,13,
0,17116,rtexpacker,baseline,forward,14,
0,17559,rtexpacker,baseline,forward,15,
0,17087,rtexpacker,baseline,forward,16,
0,16962,rtexpacker,baseline,forward,17,
0,16957,rtexpacker,baseline,forward,18,
0,17190,rtexpacker,baseline,forward,19,
0,16897,rtexpacker,baseline,forward,20,
0,16613,rtexpacker,baseline,forward,21,
0,17007,rtexpacker,baseline,forward,22,
0,16907,rtexpacker,baseline,forward,23,
0,17510,rtexpacker,baseline,forward,24,
0,17376,rtexpacker,baseline,forward,25,
0,16678,rtexpacker,baseline,forward,26,
0,16411,rtexpacker,baseline,forward,27,
0,17209,rtexpacker,baseline,forward,28,
0,16591,rtexpacker,baseline,forward,29,
0,14689,rtexpacker,baseline,generic-apply,0,
0,14571,rtexpacker,baseline,generic-apply,1,
0,14780,rtexpacker,baseline,generic-apply,2,
0,14014,rtexpacker,baseline,generic-apply,3,
0,15256,rtexpacker,baseline,generic-apply,4,
0,14383,rtexpacker,baseline,generic-apply,5,
0,15112,rtexpacker,baseline,generic-apply,6,
0,14750,rtexpacker,baseline,generic-apply,7,
0,14755,rtexpacker,baseline,generic-apply,8,
0,14079,rtexpacker,baseline,generic-apply,9,
0,14324,rtexpacker,baseline,generic-apply,10,
0,14732,rtexpacker,baseline,generic-apply,11,
0,14836,rtexpacker,baseline,generic-apply,12,
0,14304,rtexpacker,baseline,generic-apply,13,
0,14882,rtexpacker,baseline,generic-apply,14,
0,14547,rtexpacker,baseline,generic-apply,15,
0,14000,rtexpacker,baseline,generic-apply,16,
0,14864,rtexpacker,baseline,generic-apply,17,
0,14677,rtexpacker,baseline,generic-apply,18,
0,15009,rtexpacker,baseline,generic-apply,19,
0,15074,rtexpacker,baseline,generic-apply,20,
0,14468,rtexpacker,baseline,generic-apply,21,
0,14382,rtexpacker,baseline,generic-apply,22,
0,14577,rtexpacker,baseline,generic-apply,23,
0,14322,rtexpacker,baseline,generic-apply,24,
0,14345,rtexpacker,baseline,generic-apply,25,
0,14918,rtexpacker,baseline,generic-apply,26,
0,13737,rtexpacker,baseline,generic-apply,27,
0,14825,rtexpacker,baseline,generic-apply,28,
0,14927,rtexpacker,baseline,generic-apply,29,
0,2860,rtexviewer,uninstrumented,uninstrumented,0,
0,2951,rtexviewer,uninstrumented,uninstrumented,1,
0,2884,rtexviewer,uninstrumented,uninstrumented,2,
0,2978,rtexviewer,uninstrumented,uninstrumented,3,
0,2846,rtexviewer,uninstrumented,uninstrumented,4,
0,3010,rtexviewer,uninstrumented,uninstrumented,5,
0,3255,rtexviewer,uninstrumented,uninstrumented,6,
0,2774,rtexviewer,uninstrumented,uninstrumented,7,
0,2910,rtexviewer,uninstrumented,uninstrumented,8,
0,2710,rtexviewer,uninstrumented,uninstrumented,9,
0,2756,rtexviewer,uninstrumented,uninstrumented,10,
0,2954,rtexviewer,uninstrumented,uninstrumented,11,
0,2925,rtexviewer,uninstrumented,uninstrumented,12,
0,2834,rtexviewer,uninstrumented,uninstrumented,13,
0,2828,rtexviewer,uninstrumented,uninstrumented,14,
0,3011,rtexviewer,uninstrumented,uninstrumented,15,
0,2819,rtexviewer,uninstrumented,uninstrumented,16,
0,2875,rtexviewer,uninstrumented,uninstrumented,17,
0,2737,rtexviewer,uninstrumented,uninstrumented,18,
0,3000,rtexviewer,uninstrumented,uninstrumented,19,
0,3102,rtexviewer,uninstrumented,uninstrumented,20,
0,3107,rtexviewer,uninstrumented,uninstrumented,21,
0,2914,rtexviewer,uninstrumented,uninstrumented,22,
0,2988,rtexviewer,uninstrumented,uninstrumented,23,
0,2877,rtexviewer,uninstrumented,uninstrumented,24,
0,3107,rtexviewer,uninstrumented,uninstrumented,25,
0,2782,rtexviewer,uninstrumented,uninstrumented,26,
0,2796,rtexviewer,uninstrumented,uninstrumented,27,
0,3203,rtexviewer,uninstrumented,uninstrumented,28,
0,2874,rtexviewer,uninstrumented,uninstrumented,29,
0,17128,rtexviewer,baseline,forward,0,
0,16517,rtexviewer,baseline,forward,1,
0,16483,rtexviewer,baseline,forward,2,
0,16601,rtexviewer,baseline,forward,3,
0,17465,rtexviewer,baseline,forward,4,
0,16414,rtexviewer,baseline,forward,5,
0,16271,rtexviewer,baseline,forward,6,
0,16594,rtexviewer,baseline,forward,7,
0,17361,rtexviewer,baseline,forward,8,
0,17081,rtexviewer,baseline,forward,9,
0,16741,rtexviewer,baseline,forward,10,
0,16734,rtexviewer,baseline,forward,11,
0,16686,rtexviewer,baseline,forward,12,
0,17238,rtexviewer,baseline,forward,13,
0,17233,rtexviewer,baseline,forward,14,
0,17168,rtexviewer,baseline,forward,15,
0,16433,rtexviewer,baseline,forward,16,
0,16966,rtexviewer,baseline,forward,17,
0,16863,rtexviewer,baseline,forward,18,
0,16824,rtexviewer,baseline,forward,19,
0,16783,rtexviewer,baseline,forward,20,
0,17053,rtexviewer,baseline,forward,21,
0,16843,rtexviewer,baseline,forward,22,
0,16750,rtexviewer,baseline,forward,23,
0,16493,rtexviewer,baseline,forward,24,
0,16688,rtexviewer,baseline,forward,25,
0,16594,rtexviewer,baseline,forward,26,
0,16621,rtexviewer,baseline,forward,27,
0,16820,rtexviewer,baseline,forward,28,
0,17181,rtexviewer,baseline,forward,29,
0,15035,rtexviewer,baseline,generic-apply,0,
0,15619,rtexviewer,baseline,generic-apply,1,
0,14956,rtexviewer,baseline,generic-apply,2,
0,15431,rtexviewer,baseline,generic-apply,3,
0,15102,rtexviewer,baseline,generic-apply,4,
0,15151,rtexviewer,baseline,generic-apply,5,
0,15202,rtexviewer,baseline,generic-apply,6,
0,15709,rtexviewer,baseline,generic-apply,7,
0,16101,rtexviewer,baseline,generic-apply,8,
0,14814,rtexviewer,baseline,generic-apply,9,
0,15989,rtexviewer,baseline,generic-apply,10,
0,15122,rtexviewer,baseline,generic-apply,11,
0,15185,rtexviewer,baseline,generic-apply,12,
0,15578,rtexviewer,baseline,generic-apply,13,
0,15694,rtexviewer,baseline,generic-apply,14,
0,15161,rtexviewer,baseline,generic-apply,15,
0,15326,rtexviewer,baseline,generic-apply,16,
0,15224,rtexviewer,baseline,generic-apply,17,
0,15566,rtexviewer,baseline,generic-apply,18,
0,15473,rtexviewer,baseline,generic-apply,19,
0,15824,rtexviewer,baseline,generic-apply,20,
0,15672,rtexviewer,baseline,generic-apply,21,
0,15206,rtexviewer,baseline,generic-apply,22,
0,15560,rtexviewer,baseline,generic-apply,23,
0,15215,rtexviewer,baseline,generic-apply,24,
0,15535,rtexviewer,baseline,generic-apply,25,
0,14994,rtexviewer,baseline,generic-apply,26,
0,15367,rtexviewer,baseline,generic-apply,27,
0,15542,rtexviewer,baseline,generic-apply,28,
0,15014,rtexviewer,baseline,generic-apply,29,
106,106173731,sandspiel,uninstrumented,uninstrumented,0,
106,106063323,sandspiel,uninstrumented,uninstrumented,1,
105,105574439,sandspiel,uninstrumented,uninstrumented,2,
105,105936569,sandspiel,uninstrumented,uninstrumented,3,
106,106228915,sandspiel,uninstrumented,uninstrumented,4,
106,106093285,sandspiel,uninstrumented,uninstrumented,5,
106,106156072,sandspiel,uninstrumented,uninstrumented,6,
105,105890755,sandspiel,uninstrumented,uninstrumented,7,
107,107085971,sandspiel,uninstrumented,uninstrumented,8,
105,105942352,sandspiel,uninstrumented,uninstrumented,9,
106,106269782,sandspiel,uninstrumented,uninstrumented,10,
106,106121085,sandspiel,uninstrumented,uninstrumented,11,
106,106902680,sandspiel,uninstrumented,uninstrumented,12,
105,105748047,sandspiel,uninstrumented,uninstrumented,13,
106,106025860,sandspiel,uninstrumented,uninstrumented,14,
106,106190908,sandspiel,uninstrumented,uninstrumented,15,
105,105994153,sandspiel,uninstrumented,uninstrumented,16,
106,106018022,sandspiel,uninstrumented,uninstrumented,17,
105,105993540,sandspiel,uninstrumented,uninstrumented,18,
106,106045781,sandspiel,uninstrumented,uninstrumented,19,
105,105852935,sandspiel,uninstrumented,uninstrumented,20,
105,105788210,sandspiel,uninstrumented,uninstrumented,21,
106,106070860,sandspiel,uninstrumented,uninstrumented,22,
105,105911012,sandspiel,uninstrumented,uninstrumented,23,
105,105960837,sandspiel,uninstrumented,uninstrumented,24,
106,106224906,sandspiel,uninstrumented,uninstrumented,25,
105,105782277,sandspiel,uninstrumented,uninstrumented,26,
108,108058608,sandspiel,uninstrumented,uninstrumented,27,
105,105826334,sandspiel,uninstrumented,uninstrumented,28,
105,105858239,sandspiel,uninstrumented,uninstrumented,29,
17662,17662938927,sandspiel,baseline,forward,0,
17791,17791263206,sandspiel,baseline,forward,1,
17649,17649927691,sandspiel,baseline,forward,2,
17748,17748169588,sandspiel,baseline,forward,3,
17677,17677041621,sandspiel,baseline,forward,4,
17832,17832723022,sandspiel,baseline,forward,5,
17883,17883552467,sandspiel,baseline,forward,6,
17830,17830180643,sandspiel,baseline,forward,7,
17988,17988260198,sandspiel,baseline,forward,8,
17692,17692673799,sandspiel,baseline,forward,9,
17913,17913870303,sandspiel,baseline,forward,10,
17873,17873270324,sandspiel,baseline,forward,11,
17750,17750041715,sandspiel,baseline,forward,12,
17644,17644066968,sandspiel,baseline,forward,13,
17649,17649882598,sandspiel,baseline,forward,14,
17651,17651186885,sandspiel,baseline,forward,15,
17652,17652059643,sandspiel,baseline,forward,16,
17642,17642866446,sandspiel,baseline,forward,17,
17784,17784423869,sandspiel,baseline,forward,18,
18270,18270461550,sandspiel,baseline,forward,19,
17913,17913539208,sandspiel,baseline,forward,20,
17802,17802319753,sandspiel,baseline,forward,21,
17648,17648148040,sandspiel,baseline,forward,22,
17649,17649255308,sandspiel,baseline,forward,23,
17655,17655678070,sandspiel,baseline,forward,24,
17702,17702403440,sandspiel,baseline,forward,25,
17646,17646434185,sandspiel,baseline,forward,26,
17652,17652034117,sandspiel,baseline,forward,27,
17695,17695059261,sandspiel,baseline,forward,28,
17657,17657331259,sandspiel,baseline,forward,29,
839,839635972,sandspiel,baseline,generic-apply,0,
840,840423117,sandspiel,baseline,generic-apply,1,
841,841056651,sandspiel,baseline,generic-apply,2,
847,847322588,sandspiel,baseline,generic-apply,3,
840,840662534,sandspiel,baseline,generic-apply,4,
840,840633699,sandspiel,baseline,generic-apply,5,
840,840773131,sandspiel,baseline,generic-apply,6,
840,840154852,sandspiel,baseline,generic-apply,7,
852,852060799,sandspiel,baseline,generic-apply,8,
928,928824567,sandspiel,baseline,generic-apply,9,
840,840167154,sandspiel,baseline,generic-apply,10,
840,840056415,sandspiel,baseline,generic-apply,11,
847,847369894,sandspiel,baseline,generic-apply,12,
998,998077705,sandspiel,baseline,generic-apply,13,
841,841780725,sandspiel,baseline,generic-apply,14,
840,840196943,sandspiel,baseline,generic-apply,15,
840,840164444,sandspiel,baseline,generic-apply,16,
840,840147185,sandspiel,baseline,generic-apply,17,
851,851268068,sandspiel,baseline,generic-apply,18,
979,979196243,sandspiel,baseline,generic-apply,19,
918,918671753,sandspiel,baseline,generic-apply,20,
840,840177775,sandspiel,baseline,generic-apply,21,
911,911999246,sandspiel,baseline,generic-apply,22,
881,881815174,sandspiel,baseline,generic-apply,23,
845,845956048,sandspiel,baseline,generic-apply,24,
840,840131336,sandspiel,baseline,generic-apply,25,
840,840178306,sandspiel,baseline,generic-apply,26,
882,882937524,sandspiel,baseline,generic-apply,27,
840,840580205,sandspiel,baseline,generic-apply,28,
840,840447600,sandspiel,baseline,generic-apply,29,
0,367478,sqlgui,uninstrumented,uninstrumented,0,
0,363134,sqlgui,uninstrumented,uninstrumented,1,
0,363546,sqlgui,uninstrumented,uninstrumented,2,
0,363485,sqlgui,uninstrumented,uninstrumented,3,
0,364065,sqlgui,uninstrumented,uninstrumented,4,
0,364296,sqlgui,uninstrumented,uninstrumented,5,
0,361837,sqlgui,uninstrumented,uninstrumented,6,
0,360136,sqlgui,uninstrumented,uninstrumented,7,
0,363829,sqlgui,uninstrumented,uninstrumented,8,
0,360594,sqlgui,uninstrumented,uninstrumented,9,
0,369208,sqlgui,uninstrumented,uninstrumented,10,
0,367328,sqlgui,uninstrumented,uninstrumented,11,
0,367621,sqlgui,uninstrumented,uninstrumented,12,
0,369643,sqlgui,uninstrumented,uninstrumented,13,
0,368578,sqlgui,uninstrumented,uninstrumented,14,
0,362422,sqlgui,uninstrumented,uninstrumented,15,
0,363225,sqlgui,uninstrumented,uninstrumented,16,
0,364439,sqlgui,uninstrumented,uninstrumented,17,
0,367464,sqlgui,uninstrumented,uninstrumented,18,
0,364589,sqlgui,uninstrumented,uninstrumented,19,
0,362042,sqlgui,uninstrumented,uninstrumented,20,
0,361979,sqlgui,uninstrumented,uninstrumented,21,
0,362987,sqlgui,uninstrumented,uninstrumented,22,
0,366962,sqlgui,uninstrumented,uninstrumented,23,
0,363460,sqlgui,uninstrumented,uninstrumented,24,
0,368602,sqlgui,uninstrumented,uninstrumented,25,
0,363492,sqlgui,uninstrumented,uninstrumented,26,
0,373128,sqlgui,uninstrumented,uninstrumented,27,
0,365956,sqlgui,uninstrumented,uninstrumented,28,
0,361119,sqlgui,uninstrumented,uninstrumented,29,
24,24478470,sqlgui,baseline,forward,0,
24,24539529,sqlgui,baseline,forward,1,
24,24511499,sqlgui,baseline,forward,2,
24,24488811,sqlgui,baseline,forward,3,
24,24498660,sqlgui,baseline,forward,4,
24,24498993,sqlgui,baseline,forward,5,
24,24512793,sqlgui,baseline,forward,6,
24,24465894,sqlgui,baseline,forward,7,
24,24467396,sqlgui,baseline,forward,8,
24,24519856,sqlgui,baseline,forward,9,
24,24531798,sqlgui,baseline,forward,10,
24,24543961,sqlgui,baseline,forward,11,
24,24460668,sqlgui,baseline,forward,12,
24,24544850,sqlgui,baseline,forward,13,
24,24503441,sqlgui,baseline,forward,14,
24,24542106,sqlgui,baseline,forward,15,
24,24505886,sqlgui,baseline,forward,16,
24,24556988,sqlgui,baseline,forward,17,
24,24545121,sqlgui,baseline,forward,18,
24,24519167,sqlgui,baseline,forward,19,
24,24556590,sqlgui,baseline,forward,20,
24,24526480,sqlgui,baseline,forward,21,
24,24512332,sqlgui,baseline,forward,22,
24,24513943,sqlgui,baseline,forward,23,
24,24526440,sqlgui,baseline,forward,24,
24,24535781,sqlgui,baseline,forward,25,
24,24534756,sqlgui,baseline,forward,26,
24,24497309,sqlgui,baseline,forward,27,
24,24486498,sqlgui,baseline,forward,28,
24,24506552,sqlgui,baseline,forward,29,
2,2649094,sqlgui,baseline,generic-apply,0,
2,2641294,sqlgui,baseline,generic-apply,1,
2,2636853,sqlgui,baseline,generic-apply,2,
2,2644366,sqlgui,baseline,generic-apply,3,
2,2638408,sqlgui,baseline,generic-apply,4,
2,2653241,sqlgui,baseline,generic-apply,5,
2,2649198,sqlgui,baseline,generic-apply,6,
2,2646270,sqlgui,baseline,generic-apply,7,
2,2634004,sqlgui,baseline,generic-apply,8,
2,2637691,sqlgui,baseline,generic-apply,9,
2,2626214,sqlgui,baseline,generic-apply,10,
2,2646109,sqlgui,baseline,generic-apply,11,
2,2652420,sqlgui,baseline,generic-apply,12,
2,2655898,sqlgui,baseline,generic-apply,13,
2,2646790,sqlgui,baseline,generic-apply,14,
2,2646501,sqlgui,baseline,generic-apply,15,
2,2648649,sqlgui,baseline,generic-apply,16,
2,2653816,sqlgui,baseline,generic-apply,17,
2,2648855,sqlgui,baseline,generic-apply,18,
2,2644007,sqlgui,baseline,generic-apply,19,
2,2645054,sqlgui,baseline,generic-apply,20,
2,2646708,sqlgui,baseline,generic-apply,21,
2,2650107,sqlgui,baseline,generic-apply,22,
2,2625363,sqlgui,baseline,generic-apply,23,
2,2653221,sqlgui,baseline,generic-apply,24,
2,2651652,sqlgui,baseline,generic-apply,25,
2,2651117,sqlgui,baseline,generic-apply,26,
2,2640380,sqlgui,baseline,generic-apply,27,
2,2645410,sqlgui,baseline,generic-apply,28,
2,2643743,sqlgui,baseline,generic-apply,29,
